date,OPEN,HIGH,LOW,CLOSE,VOLUME,AMT,PCT_CHG,TURN
2019-06-12,0.5061718336252903,0.5204301951358619,0.5041349248380658,0.5158471503646066,134632200.0,135273233.0,0.7960199004975133,71.50576583160543
2019-06-13,0.5143194687741883,0.5173748319550251,0.5061718336252903,0.5087179696093209,15030600.0,15113343.0,-1.382033563672251,8.146587187767274
2019-06-14,0.5082087424125148,0.5117733327901576,0.4903857905243003,0.4919134721147187,7698300.0,7600680.0,-3.3033033033033066,4.172479618085027
2019-06-17,0.49140424491791257,0.4939503809019432,0.4827473825722084,0.48580274575304516,5067800.0,4842825.0,-1.2422360248447217,2.7467482702065777
2019-06-18,0.48733042734346355,0.48733042734346355,0.47867356499775937,0.48121970098179,4039000.0,3823312.0,-0.9433962264150951,2.165662744273782
2019-06-19,0.4863119729498513,0.5046441520348719,0.4863119729498513,0.49700574408278,13597600.0,13332982.0,3.2804232804232836,7.4100635525101115
2019-06-20,0.4990426528700045,0.5071902880189025,0.48885810893388193,0.5046441520348719,5354900.0,5278674.0,1.5368852459016407,2.9181730097470435
2019-06-21,0.505153379231678,0.5199209679390556,0.505153379231678,0.5127917871837698,19658400.0,19925258.0,1.6145307769929267,11.597752944216522
2019-06-24,0.5153379231678006,0.5178840591518311,0.5102456511997393,0.5143194687741883,6814400.0,6876647.0,0.29791459781530427,4.044111101483782
2019-06-25,0.5117733327901576,0.5158471503646066,0.4990426528700045,0.5041349248380658,5695100.0,5648696.0,-1.980198019801982,3.3599053225393476
2019-06-26,0.49700574408278,0.5122825599869638,0.49700574408278,0.5097364240029331,5113000.0,5106423.0,1.111111111111101,3.052504510399291
2019-06-27,0.5102456511997393,0.5275593758911477,0.509227196806127,0.5219578767262801,20287200.0,20724194.0,2.3976023976024,13.21626195914315
2019-06-28,0.5214486495294741,0.5214486495294741,0.5071902880189025,0.5107548783965453,6405400.0,6444981.0,-2.1463414634146365,4.1728500903572465
2019-07-01,0.5219578767262801,0.5336701022528212,0.5204301951358619,0.5336701022528212,21577800.0,22420842.0,4.486540378863426,15.579436512738463
2019-07-02,0.5321424206624027,0.5336701022528212,0.5224671039230864,0.5255224671039231,6778800.0,7017324.0,-1.5267175572519098,4.8592921381659595
2019-07-03,0.5204301951358619,0.5234855583166986,0.5133010143805761,0.5168656047582189,5982800.0,6079257.0,-1.6472868217054386,4.258166087551904
2019-07-04,0.5163563775614128,0.5194117407422496,0.5082087424125148,0.5107548783965453,6309500.0,6338425.0,-1.182266009852218,4.369822976978696
2019-07-05,0.5138102415773821,0.5168656047582189,0.5107548783965453,0.5153379231678006,4937900.0,4987462.0,0.897308075772694,3.4651492121503025
2019-07-08,0.5153379231678006,0.5153379231678006,0.49089501772110644,0.4934411537051371,12206600.0,11947144.0,-4.249011857707514,8.003939480969448
2019-07-09,0.4934411537051371,0.49853342567319836,0.47867356499775937,0.4954780624923616,3827400.0,3717624.0,0.4127966976264194,2.4973704334935
2019-07-10,0.4954780624923616,0.5041349248380658,0.4954780624923616,0.5000611072636167,6808800.0,6694931.0,0.9249743062692711,4.524065492904404
2019-07-11,0.5005703344604229,0.5041349248380658,0.49140424491791257,0.4954780624923616,6174200.0,6041114.0,-0.9164969450101842,4.022232964043418
2019-07-12,0.49649651688597385,0.49853342567319836,0.4898765633274942,0.4934411537051371,4778800.0,4645186.0,-0.4110996916752316,3.0535112056219162
2019-07-15,0.4934411537051371,0.5138102415773821,0.48376583696582065,0.509227196806127,12156100.0,12010229.0,3.1991744066047505,7.669376625375863
2019-07-16,0.509227196806127,0.5158471503646066,0.5056626064284842,0.5117733327901576,8866600.0,8900052.0,0.49999999999998934,5.629522964181997
2019-07-17,0.509227196806127,0.5290870574815659,0.509227196806127,0.5224671039230864,20532800.0,21150759.0,2.0895522388059833,14.209373170438015
2019-07-18,0.5189025135454434,0.5189025135454434,0.5112641055933516,0.5122825599869638,7237100.0,7302479.0,-1.9493177387914247,4.873408941844476
2019-07-19,0.5122825599869638,0.5178840591518311,0.5122825599869638,0.5163563775614128,6881400.0,6977648.0,0.7952286282306171,4.542124251989085
2019-07-22,0.5239947855135046,0.5295962846783722,0.49853342567319836,0.509227196806127,14385700.0,14297478.0,-1.3806706114398433,9.311024208132203
2019-07-23,0.5066810608220964,0.5168656047582189,0.5046441520348719,0.5153379231678006,15079300.0,15183825.0,1.200000000000001,9.453999892164227
2019-07-24,0.5153379231678006,0.5301055118751782,0.5127917871837698,0.5280686030879537,30347500.0,31411371.0,2.470355731225288,21.00146849381807
2019-07-25,0.5295962846783722,0.5433454189921375,0.5270501486943414,0.537234692630464,30928600.0,32633253.0,1.735776277724206,26.033780632953373
2019-07-26,0.537234692630464,0.5397808286144947,0.5311239662687904,0.5362162382368517,9857600.0,10361710.0,-0.18957345971564,8.461328494495364
2019-07-29,0.5362162382368517,0.5484376909601988,0.5362162382368517,0.5443638733857498,11054200.0,11796387.0,1.5194681861348542,9.250237234920311
2019-07-30,0.5438546461889437,0.5438546461889437,0.5346885566464334,0.5357070110400457,13282600.0,14062572.0,-1.5902712815715532,10.583593223364128
2019-07-31,0.5362162382368517,0.544873100582556,0.5357070110400457,0.5418177374017192,10163700.0,10823066.0,1.1406844106463887,8.296776047372365
2019-08-01,0.537234692630464,0.5418177374017192,0.5316331934655967,0.5357070110400457,11005300.0,11581341.0,-1.1278195488721814,8.664321603292747
2019-08-02,0.5260316943007292,0.5351977838432395,0.5219578767262801,0.5306147390719844,9699500.0,10084771.0,-0.950570342205324,7.432464533056249
2019-08-05,0.5260316943007292,0.5387623742208825,0.5229763311198924,0.5229763311198924,10921200.0,11357574.0,-1.439539347408841,8.242303123429267
2019-08-06,0.5194117407422496,0.5194117407422496,0.4934411537051371,0.509227196806127,24262600.0,24049491.0,-2.629016553067178,16.56129822295699
2019-08-07,0.5066810608220964,0.5133010143805761,0.49649651688597385,0.49802419847639223,11783100.0,11659461.0,-2.200000000000002,7.676781759865945
2019-08-08,0.5041349248380658,0.5148286959709943,0.5000611072636167,0.5133010143805761,17228800.0,17190153.0,3.06748466257669,11.52414218424126
2019-08-09,0.5138102415773821,0.5183932863486373,0.5015887888540351,0.5026072432476474,13085200.0,13071951.0,-2.0833333333333353,8.636993091831252
2019-08-12,0.5066810608220964,0.5234855583166986,0.5026072432476474,0.5234855583166986,16626800.0,16753501.0,4.1540020263424555,11.586474873485907
2019-08-13,0.5173748319550251,0.5219578767262801,0.5127917871837698,0.5194117407422496,8269000.0,8398929.0,-0.7782101167315182,5.843741917063952
2019-08-14,0.5275593758911477,0.537234692630464,0.5214486495294741,0.5224671039230864,12750100.0,13265488.0,0.5882352941176475,9.139738698712131
2019-08-15,0.5122825599869638,0.5321424206624027,0.5066810608220964,0.5306147390719844,23061900.0,23559623.0,1.5594541910331396,15.85728518964947
2019-08-16,0.5245040127103109,0.5397808286144947,0.5245040127103109,0.5351977838432395,16192000.0,16997254.0,0.8637236084452876,12.128675418608587
2019-08-19,0.5428361917953315,0.5606591436835459,0.5392716014176885,0.5586222348963213,15955200.0,17285718.0,4.376784015223601,13.13165730878061
2019-08-20,0.5586222348963213,0.5642237340611889,0.5540391901250663,0.5570945533059031,18021700.0,19814919.0,-0.2734731084776565,14.024472808941198
2019-08-21,0.5565853261090968,0.5682975516356379,0.5535299629282601,0.5626960524707704,15334900.0,16904459.0,1.005484460694689,11.750719147168851
2019-08-22,0.5632052796675766,0.5672790972420256,0.5540391901250663,0.5611683708803521,25967300.0,28531260.0,-0.27149321266967347,23.081675137642243
2019-08-23,0.5581130076995153,0.5632052796675766,0.5499653725506173,0.5535299629282601,12246000.0,13336583.0,-1.3611615245009185,10.8851591707866
2019-08-26,0.5469100093697805,0.5560760989122908,0.540799283008107,0.553020735731454,6102200.0,6607571.0,-0.09199632014718398,5.522262985761318
2019-08-27,0.5550576445186786,0.5744082779973112,0.5550576445186786,0.5682975516356379,11267900.0,12561714.0,2.7624309392265216,8.503959946204505
2019-08-28,0.5693160060292501,0.5708436876196684,0.5626960524707704,0.5657514156516071,4112500.0,4571483.0,-0.4480286738351357,3.1037314210071107
2019-08-29,0.5657514156516071,0.5759359595877297,0.5632052796675766,0.5754267323909235,6895400.0,7748868.0,1.7101710171017015,5.204004775784178
2019-08-30,0.5795005499653725,0.5947773658695563,0.5749175051941174,0.5759359595877297,12599500.0,14454502.0,0.08849557522124885,9.342062824158347
2019-09-02,0.5754267323909235,0.6019065466248421,0.5728805964068929,0.5988511834440053,10492700.0,12092274.0,3.9787798408487998,7.6546866507873395
2019-09-03,0.5998696378376176,0.621257180103475,0.5957958202631686,0.6146372265449954,33610400.0,40068938.0,2.6360544217687196,22.481602228200597
2019-09-04,0.6110726361673524,0.6762537173585368,0.6110726361673524,0.6283863608587608,36534400.0,44754369.0,2.236951118475552,21.8113476989501
2019-09-05,0.6416262679757201,0.6457000855501691,0.6232940888906995,0.629404815252373,22632100.0,28139504.0,0.16207455429497583,13.11992106749031
2019-09-06,0.632969405630016,0.6360247688108528,0.6176925897258322,0.625330997677924,21059500.0,25900419.0,-0.6472491909385119,11.29184812157309
2019-09-09,0.6309324968427915,0.6721798997840878,0.6309324968427915,0.6640322646351897,42036000.0,53331624.0,6.18892508143323,24.089149796735622
2019-09-10,0.665559946225608,0.6660691734224142,0.6400985863853016,0.6487554487310059,46226000.0,59133452.0,-2.300613496932517,21.756063444909284
2019-09-11,0.6492646759278119,0.6548661750926794,0.6360247688108528,0.6421354951725261,27544700.0,34854091.0,-1.0204081632653157,12.548735363445767
2019-09-12,0.6446816311565569,0.6548661750926794,0.6426447223693323,0.6446816311565569,16750000.0,21308817.0,0.3965107057890655,7.365288866629349
2019-09-16,0.6446816311565569,0.6645414918319957,0.6421354951725261,0.6579215382735162,27114800.0,34940475.0,2.0537124802527664,11.763378854308296
2019-09-17,0.6523200391086487,0.6538477206990672,0.6258402248747302,0.6319509512364038,34089300.0,42620494.0,-3.9473684210526265,13.612573180563771
2019-09-18,0.6365339960076588,0.6395893591884956,0.6217664073002812,0.6324601784332098,17973800.0,22266471.0,0.08058017727638113,7.146589010496148
2019-09-19,0.6324601784332098,0.6507923575182304,0.6319509512364038,0.6497739031246181,23285300.0,29482577.0,2.737520128824479,9.446300189288678
2019-09-20,0.6502831303214242,0.6742168085713123,0.6497739031246181,0.6670876278160265,33119200.0,43088739.0,2.6645768025078396,13.274132691627877
2019-09-23,0.6619953558479652,0.6900028516723021,0.6594492198639345,0.6884751700818839,47422800.0,62925559.0,3.2061068702290108,18.711381940597434
2019-09-24,0.6884751700818839,0.7006966228052307,0.6844013525074348,0.6900028516723021,43959400.0,59912807.0,0.22189349112425233,17.13804737432642
2019-09-25,0.6854198069010471,0.6854198069010471,0.6492646759278119,0.6507923575182304,61492600.0,79986309.0,-5.682656826568262,21.28923749738613
2019-09-26,0.6528292663054549,0.6579215382735162,0.6166741353322199,0.620747952906669,53967300.0,67161860.0,-4.616588419405316,17.55023873030987
2019-09-27,0.621257180103475,0.6365339960076588,0.6192202713162505,0.6278771336619547,33046800.0,40732496.0,1.1484823625922898,10.541183495597155
2019-09-30,0.6268586792683425,0.629404815252373,0.6120910905609647,0.6151464537418014,35031900.0,42541296.0,-2.0275750202757608,9.938076911947684
2019-10-08,0.6151464537418014,0.6238033160875057,0.5957958202631686,0.6008880922312299,28269300.0,33668951.0,-2.317880794701989,7.996932406001893
2019-10-09,0.5983419562471993,0.6141279993481892,0.5922312298855258,0.6131095449545769,25268300.0,30107735.0,2.033898305084748,6.894454542924482
2019-10-10,0.6131095449545769,0.6243125432843117,0.6090357273801279,0.6197294985130567,32226400.0,39081817.0,1.0797342192691133,8.628177963265506
2019-10-11,0.6202387257098627,0.625330997677924,0.6075080457897096,0.6100541817737402,20537400.0,24742192.0,-1.5612161051766744,5.469321318832559
2019-10-14,0.6166741353322199,0.6309324968427915,0.6151464537418014,0.628895588055567,34050500.0,41743066.0,3.0884808013355713,9.141029654084893
2019-10-15,0.6243125432843117,0.6243125432843117,0.6064895913960974,0.6075080457897096,37175800.0,44633744.0,-3.400809716599193,9.423480450532798
2019-10-16,0.6095449545769341,0.6110726361673524,0.5998696378376176,0.6003788650344238,26500900.0,31436307.0,-1.1735121542330271,6.786370767048961
2019-10-17,0.6013973194280361,0.6054711370024851,0.5983419562471993,0.5998696378376176,19507300.0,23058953.0,-0.08481764206955995,4.91985156183402
2019-10-18,0.5998696378376176,0.6039434554120666,0.5825559131462092,0.5866297307206583,26192100.0,30438893.0,-2.207130730050936,6.411746533307809
2019-10-21,0.5845928219334338,0.5876481851142705,0.5718621420132807,0.5861205035238523,23925300.0,27383473.0,-0.086805555555546,5.842538421076537
2019-10-22,0.5881574123110768,0.6003788650344238,0.5861205035238523,0.5973235018535871,27967300.0,32683768.0,1.9113814074717652,6.896960753318481
2019-10-23,0.5973235018535871,0.6019065466248421,0.5912127754919135,0.5922312298855258,20980300.0,24575807.0,-0.8525149190110834,5.161182558109214
2019-10-24,0.5937589114759441,0.5957958202631686,0.581028231555791,0.5881574123110768,15798400.0,18216766.0,-0.6878761822871889,3.867400339484428
2019-10-25,0.589175866704689,0.5988511834440053,0.5820466859494032,0.5968142746567808,19513400.0,22619675.0,1.4718614718614635,4.788543265330362
2019-10-28,0.6085265001833219,0.6197294985130567,0.6008880922312299,0.6176925897258322,35507700.0,42661085.0,3.498293515358374,9.023516537916727
2019-10-29,0.617183362529026,0.617183362529026,0.6034342282152606,0.6034342282152606,16948798.0,20272677.0,-2.308326463314099,4.351404281058522
2019-10-30,0.6029250010184544,0.6238033160875057,0.5998696378376176,0.6151464537418014,37029102.0,44851156.0,1.9409282700421864,10.075896771117856
2019-10-31,0.6126003177577709,0.6238033160875057,0.6120910905609647,0.6156556809386077,23531002.0,28564671.0,0.08278145695365166,6.47342103945565
2019-11-01,0.6156556809386077,0.6217664073002812,0.6075080457897096,0.6192202713162505,18056800.0,21828553.0,0.5789909015715381,4.9538301319774005
2019-11-04,0.6222756344970872,0.629404815252373,0.6187110441194444,0.624821770481118,21309000.0,26176717.0,0.9046052631579047,5.99406247732079
2019-11-05,0.6238033160875057,0.6365339960076588,0.620747952906669,0.632969405630016,25067300.0,31005048.0,1.3039934800326007,7.34031270113364
2019-11-06,0.628895588055567,0.6375524504012711,0.6136187721513832,0.6151464537418014,24376600.0,29847720.0,-2.8157683024939777,7.244121725351841
2019-11-07,0.6151464537418014,0.6217664073002812,0.6126003177577709,0.6197294985130567,16662400.0,20244200.0,0.7450331125827914,4.9078973955366365
2019-11-08,0.6238033160875057,0.632969405630016,0.6222756344970872,0.624821770481118,23177500.0,28530833.0,0.821692686935087,6.949737602615638
2019-11-11,0.6202387257098627,0.6202387257098627,0.6054711370024851,0.6090357273801279,19871400.0,23931253.0,-2.526487367563173,5.818827309255764
2019-11-12,0.6090357273801279,0.6110726361673524,0.5912127754919135,0.6024157738216483,22588400.0,26619506.0,-1.0869565217391222,6.4262544316985
2019-11-13,0.6024157738216483,0.6278771336619547,0.6003788650344238,0.6273679064651485,38736700.0,47060369.0,4.142011834319521,11.58041600971953
2019-11-14,0.625330997677924,0.6492646759278119,0.6238033160875057,0.6467185399437814,30204500.0,37879107.0,3.0844155844155874,9.279364968181435
2019-11-15,0.6416262679757201,0.6599584470607407,0.6390801319916893,0.6406078135821078,35300100.0,45062219.0,-0.9448818897637804,11.551355775187039
2019-11-18,0.6395893591884956,0.6523200391086487,0.6375524504012711,0.6431539495661384,22007100.0,27859708.0,0.39745627980921255,7.431258553742576
2019-11-19,0.6416262679757201,0.6543569478958732,0.6370432232044648,0.6533384935022609,24963400.0,31732897.0,1.5835312747426777,8.279685229076575
2019-11-20,0.6523200391086487,0.6569030838799039,0.6441724039597506,0.6446816311565569,21078800.0,26921463.0,-1.325019485580663,6.968156883694577
2019-11-21,0.6406078135821078,0.6518108119118426,0.6385709047948833,0.6457000855501691,23431400.0,29722138.0,0.15797788309636662,7.546300858803395
2019-11-22,0.6462093127469751,0.661486128651159,0.6222756344970872,0.6299140424491793,47960100.0,60334800.0,-2.4447949526813817,15.058031069212168
2019-11-25,0.6304232696459853,0.6304232696459853,0.6024157738216483,0.6039434554120666,34450400.0,41205298.0,-4.122877930476973,10.237805563001446
2019-11-26,0.6019065466248421,0.6151464537418014,0.6019065466248421,0.6080172729865156,20894700.0,25019841.0,0.674536256323778,6.190989203613136
2019-11-27,0.6059803641992911,0.6395893591884956,0.6044526826088729,0.6339878600236283,42127202.0,51812361.0,4.271356783919611,13.103255409456494
2019-11-28,0.6339878600236283,0.6390801319916893,0.6273679064651485,0.6314417240395975,15808501.999999998,19662874.0,-0.4016064257028205,4.826996981390636
2019-11-29,0.6309324968427915,0.6390801319916893,0.6263494520715363,0.6360247688108528,24539800.0,30549076.0,0.7258064516129128,7.358221155028248
2019-12-02,0.6365339960076588,0.6538477206990672,0.6309324968427915,0.6472277671405874,37327500.0,47326951.0,1.7614091273018253,10.962497114552699
2019-12-03,0.6431539495661384,0.6645414918319957,0.6390801319916893,0.6635230374383835,37279400.0,47757123.0,2.517702596380805,11.279635995931036
2019-12-04,0.6574123110767099,0.6787998533425673,0.6548661750926794,0.6686153094064448,27908800.0,36575159.0,0.7674597083653115,8.76252504695421
2019-12-05,0.669124536603251,0.6925489876563329,0.6645414918319957,0.6803275349329858,40280700.0,53685366.0,1.7517136329017617,13.404478775168734
2019-12-06,0.677272171752149,0.6945858964435574,0.677272171752149,0.6940766692467512,27436600.0,36872461.0,2.020958083832329,9.47717768939606
2019-12-09,0.6986597140180064,0.71393652992219,0.6986597140180064,0.705788894773292,30680100.0,42538303.0,1.687454145267785,10.524840669937545
2019-12-10,0.7001873956084247,0.7297225730231801,0.6930582148531389,0.7266672098423433,52301600.0,73420729.0,2.958152958152969,18.146384452181575
2019-12-11,0.7256487554487311,0.7297225730231801,0.709862712347741,0.7185195746934453,35473300.0,50161320.0,-1.1212333566923627,12.000366709539657
2019-12-12,0.7190288018902513,0.753147024076262,0.7164826659062208,0.7424532529433332,68967100.0,99925716.0,3.3309709425939,23.104950871857444
2019-12-13,0.7470362977145885,0.7506008880922312,0.7271764370391494,0.7444901617305577,58906300.0,85237328.0,0.2743484224965709,18.975344354391886
2019-12-16,0.7383794353688842,0.7587485232411293,0.7373609809752719,0.7587485232411293,52800400.0,77400583.0,1.9151846785225735,16.3975480882405
2019-12-17,0.757220841650711,0.757220841650711,0.7465270705177822,0.753656251273068,43846300.0,64718109.0,-0.671140939597316,12.545791711982686
2019-12-18,0.7485639793050067,0.7633315680123846,0.7485639793050067,0.7526377968794558,39498900.0,58772532.0,-0.13513513513513525,11.333915635442915
2019-12-19,0.7500916608954252,0.7521285696826497,0.7302318002199861,0.7348148449912414,43799700.0,63303995.0,-2.3680649526386954,11.361736832357202
2019-12-20,0.7332871634008229,0.7388886625656904,0.7261579826455371,0.7271764370391494,31169500.0,44792580.0,-1.039501039501048,7.611566054166307
2019-12-23,0.7078258035605165,0.7129180755285778,0.6976412596243942,0.701205850002037,39690800.0,54980046.0,-3.571428571428567,9.219659476452827
2019-12-24,0.7037519859860675,0.7236118466615066,0.6981504868212002,0.7236118466615066,72204900.0,100771119.0,3.1953522149600606,16.17124499834043
2019-12-25,0.7210657106774758,0.7618038864219661,0.7195380290870576,0.7602762048315478,76020700.0,111797289.0,5.066854327938076,18.566486067204103
2019-12-26,0.7551839328634865,0.757730068847517,0.7439809345337517,0.7526377968794558,32288400.0,47553949.0,-1.0046885465505777,7.624278473510282
2019-12-27,0.7511101152890375,0.753147024076262,0.7276856642359556,0.7281948914327616,82950700.0,120633562.0,-3.247631935047364,17.26334844115048
2019-12-30,0.7246303010551188,0.7388886625656904,0.705279667576486,0.7317594818104046,55042500.0,78346746.0,0.4895104895104977,10.824445459190114
2019-12-31,0.7292133458263739,0.7424532529433332,0.7246303010551188,0.7302318002199861,37634300.0,54189902.0,-0.20876826722338995,7.041005287540659
2020-01-02,0.7358332993848536,0.7668961583900273,0.7307410274167924,0.7597669776347415,83476800.0,123461330.0,4.044630404463044,16.94954211334862
2020-01-03,0.7607854320283538,0.7674053855868334,0.749073206501813,0.7607854320283538,38831800.0,57845321.0,0.13404825737265427,7.712345814851108
2020-01-06,0.749582433698619,0.7730068847517009,0.7480547521082007,0.7668961583900273,45257700.0,67973316.0,0.8032128514056233,8.865336028198138
2020-01-07,0.7648592496028028,0.7704607487676701,0.7556931600602925,0.76129465922516,42628600.0,63609601.0,-0.7304116865869786,8.065932793417165
2020-01-08,0.7587485232411293,0.7587485232411293,0.7409255713529149,0.7439809345337517,63690900.0,93413357.0,-2.274247491638798,11.506900248562877
2020-01-09,0.7511101152890375,0.7648592496028028,0.7485639793050067,0.7643500224059966,65709100.0,97630111.0,2.7378507871320883,12.023583453887984
2020-01-10,0.76129465922516,0.797959017395201,0.7602762048315478,0.7943944270175582,78212900.0,120230033.0,3.9307128580946147,14.997628004352046
2020-01-13,0.7928667454271398,0.8453171466981708,0.7877744734590785,0.8402248747301095,96223800.0,154021372.0,5.769230769230759,17.076041283275405
2020-01-14,0.838187965942885,0.8453171466981708,0.8229111500387014,0.8249480588259259,88989100.0,145061124.0,-1.8181818181818064,14.600301426509322
2020-01-15,0.8198557868578646,0.8575385994215179,0.8178188780706401,0.8499001914694261,83490000.0,136629605.0,3.024691358024687,13.137649649458114
2020-01-16,0.8453171466981708,0.8590662810119364,0.8407341019269158,0.8478632826822016,74470000.0,124197038.0,-0.2396644697423609,11.20689214084898
2020-01-17,0.8493909642726198,0.8560109178310996,0.8402248747301095,0.842261783517334,60821600.0,101080626.0,-0.6606606606606679,8.872566053072363
2020-01-20,0.8427710107141403,0.8936937303947529,0.8427710107141403,0.8921660488043346,98622300.0,168801537.0,5.925030229746076,13.55629635555541
2020-01-21,0.881981504868212,0.9074428647085184,0.8712877337352835,0.8926752760011406,146886200.0,255891243.0,0.057077625570769966,17.967691324961
2020-01-22,0.885546095245855,0.958365584389131,0.8758707785065385,0.9461441316657841,169255400.0,304853865.0,5.989731888191684,18.94292770311151
2020-01-23,0.9344319061392431,0.9741516274901211,0.9023505927404571,0.9329042245488248,315797200.0,581247712.0,-1.3993541442411206,29.335501343332634
2020-02-03,0.8397156475333035,0.8544832362406811,0.8397156475333035,0.8397156475333035,130779699.0,216102669.0,-9.989082969432317,11.872853861882023
2020-02-04,0.830040330793987,0.8835091864586305,0.830040330793987,0.8758707785065385,293691499.0,495952050.0,4.305639781685867,23.771029633465528
2020-02-05,0.8763800057033447,0.9064244103149062,0.8631400985863854,0.8794353688841815,227244424.00000003,395170973.0,0.40697674418605334,18.143241311110295
2020-02-06,0.8656862345704159,0.9038782743308754,0.8585570538151301,0.9018413655436509,192437397.0,334357175.0,2.547770700636932,15.68994003922375
2020-02-07,0.8962398663787836,0.9415610868945289,0.8921660488043346,0.9390149509104984,182503497.0,329902957.0,4.121964991530219,14.478638348632266
2020-02-10,0.9313765429584063,0.9395241781073044,0.8977675479692019,0.9145720454638042,207840393.0,373712626.0,-2.6030368763557505,15.17635048015271
2020-02-11,0.9115166822829674,0.9369780421232738,0.9115166822829674,0.9232289078095083,144017807.0,261598099.0,0.946547884187077,10.66402184728669
2020-02-12,0.922210453415896,0.9609117203731617,0.9166089542510287,0.9517456308306514,170079513.0,313138676.0,3.0888030888030915,12.792725290029693
2020-02-13,0.9522548580274577,1.0077606224793254,0.9517456308306514,0.9914653521815294,203628418.0,392669013.0,4.173354735152492,15.693883276308364
2020-02-14,0.9924838065751417,1.0362773455004686,0.9843361714262436,1.006232940888907,303287049.0,601591986.0,1.4894709809964002,20.981436965350024
2020-02-17,1.017945166415448,1.0362773455004686,1.0087790768729377,1.0362773455004686,204542403.0,410747202.0,2.9858299595141786,13.550325213259104
2020-02-18,1.0367865726972747,1.0872000651810811,1.0362773455004686,1.0846539291970505,230569125.0,480324123.0,4.668304668304655,14.597585453843738
2020-02-19,1.085672383590663,1.1355766488776633,1.0551187517822953,1.098403063510816,310673579.0,670610410.0,1.2676056338028234,17.77815502107065
2020-02-20,1.098403063510816,1.1294659225159898,1.0693771132928669,1.1284474681223777,297271213.0,643925582.0,2.7352804821511434,15.511136644901663
2020-02-21,1.1213182873670917,1.167148735079643,1.114698333808612,1.1635841447020003,248780379.99999997,559613926.0,3.113718411552344,11.726616494032669
2020-02-24,1.1646025990956126,1.234875952254858,1.1518719191754594,1.2297836802867967,285904618.0,665415578.0,5.68927789934354,12.789281493756793
2020-02-25,1.206359229233715,1.2511712225526541,1.134048967287245,1.246588177781399,433544638.0,1031458090.0,1.3664596273291891,16.998405490245098
2020-02-26,1.2139976371858068,1.2277467714995722,1.1218275145638978,1.1243736505479287,354762798.0,819772135.0,-9.803921568627441,12.493839517904162
2020-02-27,1.1416873752393368,1.1595103271275513,1.0754878396545404,1.0917831099523365,276781290.0,603599371.0,-2.898550724637684,8.967475411807634
2020-02-28,1.026092801564346,1.0821077932130199,1.0026683505112641,1.0362773455004686,357312525.0,727084067.0,-5.083955223880595,11.690244219715494
2020-03-02,1.0627571597343872,1.0693771132928669,1.005723713692101,1.0388234814844992,303505899.0,618859346.0,0.24570024570024046,9.952638788407995
2020-03-03,1.057664887766326,1.094329245936367,1.0296573919419887,1.0403511630749176,323947942.0,676155721.0,0.14705882352941735,10.714329391171521
2020-03-04,1.0194728480058661,1.0266020287611521,0.9680409011284475,0.998085305740009,239790337.0,469878322.0,-4.062652961331384,7.917787501397556
2020-03-05,1.017945166415448,1.0230374383835092,0.9766977634741516,1.0174359392186418,226242344.0,445991859.0,1.9387755102040833,7.654955378474139
2020-03-06,0.9985945329368152,1.0215097567930906,0.9919745793783354,1.0026683505112641,131048948.0,259399077.0,-1.4514514514514472,4.461238049283919
2020-03-09,0.9828084898358251,0.9853546258198559,0.9227196806127023,0.925775043793539,207839047.0,388335711.0,-7.66886744540376,7.227922688137424
2020-03-10,0.9273027253839573,1.002159123314458,0.9273027253839573,1.0001222145272335,248494908.0,472140166.0,8.030803080308026,8.933839553869783
2020-03-11,1.0082698496761315,1.0113252128569683,0.9497087220434269,0.953782539617876,220698010.0,424961443.0,-4.633401221995925,7.6564743168590566
2020-03-12,0.926284270990345,0.9670224467348353,0.9247565893999268,0.9558194484051005,183795439.0,342600026.0,0.21356113187399914,6.267530304670231
2020-03-13,0.9166089542510287,0.9868823074102742,0.9115166822829674,0.9741516274901211,264719684.0,497165091.0,1.917954182205649,8.896640022197264
2020-03-16,0.9741516274901211,0.9766977634741516,0.8942029575915591,0.9023505927404571,221239677.0,405895514.0,-7.3706220595922645,7.271636683994731
2020-03-17,0.9201735446286715,0.9359595877296616,0.8667046889640282,0.9155904998574165,180077222.0,320220243.0,1.467268623024832,5.783751979844688
2020-03-18,0.92170122621909,0.9502179492402332,0.8957306391819774,0.8967490935755896,202330527.0,367279691.0,-2.057842046718584,6.525734866530315
2020-03-19,0.9048967287244877,0.9354503605328554,0.8931845031979468,0.9329042245488248,204130150.0,366573402.0,4.031800113571844,6.558394600767781
2020-03-20,0.9451256772721719,0.9522548580274577,0.8987860023628141,0.9196643174318655,231721513.0,418065479.0,-1.4192139737991278,7.235640367165446
2020-03-23,0.8809630504745998,0.8926752760011406,0.830040330793987,0.8407341019269158,207998889.0,352870709.0,-8.582502768549281,6.38718790206104
2020-03-24,0.8595755082087424,0.8651770073736099,0.8025420621664563,0.842261783517334,199707276.0,328860826.0,0.1817080557237972,6.095137075767821
2020-03-25,0.8656862345704159,0.8809630504745998,0.8544832362406811,0.8600847354055486,175288506.0,298681316.0,2.116082224909319,5.424366652062518
2020-03-26,0.8453171466981708,0.8723061881288957,0.8432802379109463,0.8442986923045586,101151764.0,169686453.0,-1.8354055654233357,3.1263083828295195
2020-03-27,0.8555016906342934,0.8605939626023547,0.8325864667780177,0.83360492117163,106349788.99999999,177039751.0,-1.2665862484921537,3.3260274943394865
2020-03-30,0.8111989245121604,0.8259665132195382,0.7867560190654662,0.8147635148898034,127601134.00000001,201222024.0,-2.2602321319486816,3.995649352694901
2020-03-31,0.8269849676131504,0.8371695115492728,0.8066158797409053,0.8086527885281298,106539097.0,171582649.0,-0.7500000000000007,3.3529201147895495
2020-04-01,0.7984682445920073,0.8427710107141403,0.797959017395201,0.8249480588259259,142550326.0,232087876.0,2.0151133501259464,4.568185988548381
2020-04-02,0.8234203772355074,0.8886014584266918,0.8173096508738339,0.8865645496394673,206539275.0,346643985.0,7.469135802469134,6.722185646888799
2020-04-03,0.8763800057033447,0.8875830040330795,0.8661954617672222,0.8763800057033447,146813896.0,252713938.0,-1.1487650775416436,4.758185394673891
2020-04-07,0.9013321383468449,0.9064244103149062,0.8911475944107223,0.8957306391819774,129964761.00000001,228867732.0,2.2080185938407793,4.195792912856419
2020-04-08,0.8870737768362733,0.913553591070192,0.8840184136554365,0.9048967287244877,120740995.0,213919756.0,1.023308698123935,3.9374180377132015
2020-04-09,0.909989000692549,0.9120259094797735,0.8870737768362733,0.8952214119851714,91298398.0,160692568.0,-1.0692177827799612,2.9599074314043197
2020-04-10,0.8936937303947529,0.8936937303947529,0.8463356010917831,0.8514278730598444,140176328.0,237408127.0,-4.8919226393629165,4.484922325112723
2020-04-13,0.8351326027620483,0.842261783517334,0.8173096508738339,0.8264757404163442,80979885.0,131927003.99999999,-2.9306220095693742,2.535770764243815
2020-04-14,0.83360492117163,0.8555016906342934,0.830040330793987,0.8534647818470689,107393038.99999999,177101837.0,3.2655576093653687,3.31306430247856
2020-04-15,0.8493909642726198,0.885546095245855,0.8468448282885893,0.8570293722247119,151965989.0,258546244.0,0.41766109785203565,4.775048014112671
2020-04-16,0.8499001914694261,0.8799445960809875,0.841752556320528,0.8723061881288957,105740371.0,179759564.0,1.7825311942959017,3.344624728665345
2020-04-17,0.8886014584266918,0.9211919990222838,0.8886014584266918,0.8998044567564264,194452807.0,346518884.0,3.1523642732048933,6.4271258076924624
2020-04-20,0.9064244103149062,0.9084613191021307,0.8886014584266918,0.9074428647085184,87880557.0,155248455.0,0.8488964346349817,2.9634295619041606
2020-04-21,0.8982767751660081,0.8982767751660081,0.8672139161608344,0.8835091864586305,135483200.0,235036643.0,-2.6374859708193,4.5123436728664075
2020-04-22,0.8692508249480589,0.8906383672139163,0.8672139161608344,0.8896199128203041,110554200.0,191548368.0,0.6916426512968306,3.691906279702353
2020-04-23,0.8896199128203041,0.8942029575915591,0.8748523241129262,0.8768892329001508,79172900.0,137244041.0,-1.4310246136233618,2.6307643344822056
2020-04-24,0.877907687293763,0.8824907320650183,0.8483725098790076,0.8529555546502628,94463000.0,159928051.0,-2.7293844367015057,3.091570752797462
2020-04-27,0.8524463274534566,0.8555016906342934,0.8249480588259259,0.841752556320528,82425400.0,135741283.0,-1.3134328358208966,2.6287785897619322
2020-04-28,0.8407341019269158,0.881472277671406,0.8229111500387014,0.8763800057033447,163989529.0,277250995.0,4.113732607380524,5.299383862048488
2020-04-29,0.8661954617672222,0.8763800057033447,0.8595755082087424,0.8646677801768037,83898449.0,142896765.0,-1.3364323067983808,2.6998680740908982
2020-04-30,0.877398460096957,0.9318857701552126,0.877398460096957,0.9273027253839573,224259693.00000003,401440637.0,7.243816254416961,7.49405373791254
2020-05-06,0.922210453415896,0.9822992626390191,0.92170122621909,0.9787346722613761,212045092.0,398681940.0,5.546403075233387,7.121577290062428
2020-05-07,0.9833177170326314,0.9924838065751417,0.96243940196358,0.9721147187028966,164497095.0,314895764.0,-0.6763787721123778,5.562028567488953
2020-05-08,0.9802623538517946,0.998085305740009,0.9649855379476108,0.9751700818837333,163412203.0,314333007.0,0.31430068098480907,5.440722659130752
2020-05-11,0.9766977634741516,0.9909561249847232,0.9548009940114882,0.9680409011284475,139350490.0,266141831.0,-0.7310704960835516,4.644239506871817
2020-05-12,0.96243940196358,0.9929930337719477,0.9471625860593964,0.9919745793783354,164129541.0,312353361.0,2.4723829563387656,5.514175768346587
2020-05-13,0.9822992626390191,0.9960483969527845,0.9746608546869271,0.9868823074102742,125297879.0,242506038.0,-0.5133470225872695,4.187061107197997
2020-05-14,0.9797531266549884,1.0006314417240396,0.9782254450645701,0.9843361714262436,142725682.0,277548312.0,-0.25799793601650634,4.7918615325328995
2020-05-15,0.9904468977879172,1.0418788446653358,0.9817900354422129,1.0281297103515705,231205593.00000003,461228771.0,4.449042938437666,7.9220644304553804
2020-05-18,1.0602110237503564,1.0602110237503564,0.9817900354422129,0.9919745793783354,268050700.0,537545488.0,-3.516592372461623,8.93650738932712
2020-05-19,1.0006314417240396,1.0439157534525603,0.9853546258198559,1.042388071862142,239998802.0,480116691.0,5.082135523613973,8.052295153789204
2020-05-20,1.0271112559579583,1.0454434350429789,1.005723713692101,1.0169267120218357,201432164.0,404810609.0,-2.442598925256475,6.6162603024245215
2020-05-21,1.017945166415448,1.0235466655803152,0.9705870371124781,0.9746608546869271,195831823.0,381338597.0,-4.1562343515273,6.182532335103961
2020-05-22,0.9649855379476108,0.9812808082454069,0.9430887684849474,0.966513219538029,191110047.0,362056537.0,-0.8359456635318712,5.864966746374055
2020-05-25,0.9573471299955187,0.96243940196358,0.9374872693200799,0.9471625860593964,138727208.0,258797351.0,-2.0021074815595266,4.10860755353366
2020-05-26,0.9512364036338454,0.9716054915060903,0.9512364036338454,0.9675316739316413,137259401.0,259920603.0,2.150537634408592,4.086923550256843
2020-05-27,0.966003992341223,0.9675316739316413,0.9400334053041106,0.9446164500753657,103791243.0,193690004.0,-2.368421052631575,3.0876450222338123
2020-05-28,0.9395241781073044,0.9461441316657841,0.9104982278893552,0.9339226789424371,157973584.0,287338205.0,-1.1320754716981083,4.648330155364343
2020-05-29,0.9237381350063145,0.9420703140913351,0.9206827718254778,0.9273027253839573,119179405.0,217881283.0,-0.7088331515812498,3.4955079067563477
2020-06-01,0.9390149509104984,0.9797531266549884,0.9385057237136921,0.9736424002933148,166349375.0,314526397.0,4.997254255903348,4.945719814985679
2020-06-02,0.9761885362773456,0.9868823074102742,0.9680409011284475,0.9787346722613761,120343517.0,230831146.0,0.5230125523012558,3.620985461780102
2020-06-03,0.9807715810486006,1.0026683505112641,0.9675316739316413,0.9782254450645701,149600220.0,289308606.0,-0.052029136316331416,4.609463473414189
2020-06-04,0.9792438994581824,0.9858638530166619,0.9675316739316413,0.9690593555220598,81028562.0,154966653.0,-0.9370119729307661,2.5309547537971087
2020-06-05,0.9772069906709578,0.9991037601336212,0.9746608546869271,0.9929930337719477,138644568.0,269260760.0,2.4697845507094027,4.403509250018533
2020-06-08,1.0026683505112641,1.005723713692101,0.9736424002933148,0.9756793090805393,139750613.0,271262130.0,-1.7435897435897452,4.418989200259111
2020-06-09,0.9756793090805393,0.9884099890006927,0.9649855379476108,0.9853546258198559,89732853.0,172657156.0,0.9916492693110713,2.8509230082092407
2020-06-10,0.9822992626390191,0.9853546258198559,0.9675316739316413,0.9807715810486006,86293809.0,165514193.0,-0.4651162790697736,2.7407895717258284
2020-06-11,0.9797531266549884,0.9955391697559784,0.9690593555220598,0.9751700818837333,100245651.0,192939168.0,-0.5711318795430893,3.186952587342344
2020-06-12,0.9522548580274577,0.9792438994581824,0.9451256772721719,0.9721147187028966,111916500.0,211481620.0,-0.3133159268929507,3.556854790294415
2020-06-15,0.9609117203731617,0.9649855379476108,0.9441072228785596,0.9446164500753657,100195502.0,187598467.0,-2.8287061288632818,3.1602411328074314
2020-06-16,0.9548009940114882,0.966513219538029,0.9512364036338454,0.9593840387827433,83516068.0,157213352.0,1.5633423180592947,2.6441671807817237
2020-06-17,0.96243940196358,0.96243940196358,0.9441072228785596,0.9522548580274577,68917602.0,128592837.0,-0.7430997876857639,2.1792114711207438
2020-06-18,0.9502179492402332,0.9751700818837333,0.9481810404530087,0.9716054915060903,128123733.0,243035776.0,2.032085561497316,4.128360196214483
2020-06-19,0.9716054915060903,0.9924838065751417,0.9639670835539985,0.9833177170326314,118322846.0,227551998.0,1.2054507337526275,3.868653796443736
2020-06-22,0.9935022609687539,1.0296573919419887,0.9879007618038864,1.0215097567930906,173222213.0,345481664.0,3.8839979285344244,5.884902567411374
2020-06-23,1.0194728480058661,1.0286389375483767,1.0036868049048764,1.0240558927771215,117540451.0,234648051.0,0.24925224327020631,4.1033470811573585
2020-06-24,1.0240558927771215,1.0571556605695198,1.0225282111867031,1.0520633886014583,150194247.0,307794127.0,2.734957732471393,5.368870432898381
2020-06-29,1.0413696174685299,1.0500264798142338,1.0215097567930906,1.0296573919419887,131788335.00000001,267165522.0,-2.1297192642788016,4.753408455857451
2020-06-30,1.038314254287693,1.0566464333727137,1.0337312095164377,1.0479895710270093,130833206.0,268316560.0,1.780415430267064,4.712159956100154
2020-07-01,1.0515541614046524,1.0836354748034385,1.0393327086813053,1.0597017965535505,156152140.0,325735062.0,1.1175898931001036,5.697939698488795
2020-07-02,1.0622479325375809,1.0928015643459486,1.0541002973886828,1.0872000651810811,137931247.0,292497001.0,2.5949062950504485,5.149567082613124
2020-07-03,1.0968753819203976,1.0973846091172037,1.06632175011203,1.0917831099523365,144140485.0,307140065.0,0.42154566744732286,5.395485228570687
2020-07-06,1.1101152890373571,1.2007577300688477,1.1096060618405508,1.2007577300688477,238657929.99999997,546601046.0,9.981343283582088,8.86379834546443
2020-07-07,1.2730679920153176,1.3026031694300728,1.2007577300688477,1.2211268179410928,325741218.0,801336457.0,1.6963528413910107,11.363719290181503
2020-07-08,1.1966839124943986,1.245569723387787,1.1814070965902146,1.2420051330101438,315625357.0,752596358.0,1.7097581317764774,10.621745441984926
2020-07-09,1.2318205890740213,1.2985293518556238,1.2252006355155418,1.2807063999674095,257126979.0,641890178.0,3.1160311603116058,8.777157228577227
2020-07-10,1.262883448079195,1.3132969405630017,1.2460789505845928,1.2964924430683993,252129888.0,637144272.0,1.232604373757443,8.762110522398283
2020-07-13,1.2954739886747872,1.350470525929849,1.2873263535258892,1.346905935552206,209491355.0,539654481.0,3.888452474469765,7.26769207915152
2020-07-14,1.3458874811585937,1.3871348840998903,1.2893632623131137,1.3453782539617876,232376734.0,607137877.0,-0.11342155009452226,8.095334899284857
2020-07-15,1.3438505723713692,1.3438505723713692,1.2567727217175215,1.2639019024728075,309728302.0,784931387.0,-6.056018168054493,10.540347533562851
2020-07-16,1.257791176111134,1.257791176111134,1.1406689208457248,1.1554365095531023,326382450.0,766436970.0,-8.581788879935539,10.976366316643897
2020-07-17,1.1427058296329493,1.1686764166700616,1.1192813785798672,1.1289566953191836,238387796.0,533671998.99999994,-2.2917584839136205,8.298960717796591
2020-07-20,1.1457611928137859,1.1844624597710516,1.1202998329734797,1.1829347781806332,209006535.0,473013257.0,4.781235904375276,7.373660337770821
2020-07-21,1.1773332790157656,1.1926100949199496,1.1559457367499084,1.1696948710636739,166884594.0,384428967.0,-1.119242359018502,5.7260075804379325
2020-07-22,1.1686764166700616,1.2053407748401028,1.158491872733939,1.1773332790157656,170003600.0,395682272.0,0.653025685676956,5.873328529282656
2020-07-23,1.1635841447020003,1.1768240518189597,1.1345581944840513,1.1727502342445106,160787715.0,365705953.0,-0.3892733564013796,5.638702910866127
2020-07-24,1.1600195543243574,1.1814070965902146,1.1014584266916527,1.1055322442661017,166924611.0,373444064.0,-5.731654363873214,5.778933944233651
2020-07-27,1.1085876074469385,1.1396504664521123,1.1034953354788772,1.1177536969894488,113769310.00000001,250789201.0,1.1054813450023042,3.9758601584664395
2020-07-28,1.1294659225159898,1.1406689208457248,1.1040045626756836,1.1197906057766733,89474110.0,196675823.0,0.18223234624145804,3.0805320898751036
2020-07-29,1.1116429706277753,1.1758055974253474,1.106041471462908,1.1717317798508984,177274592.0,400074728.0,4.63847203274217,6.169287661486761
2020-07-30,1.1747871430317351,1.1814070965902146,1.150853464781847,1.158491872733939,132759536.00000001,302571424.0,-1.1299435028248694,4.566103312472585
2020-07-31,1.158491872733939,1.1992300484784293,1.1554365095531023,1.198211594084817,185605294.0,430522264.0,3.4285714285714413,6.477235296100669
2020-08-03,1.218580681957062,1.2476066321750114,1.2078869108241332,1.247097404978205,196633066.0,474680207.0,4.07989800254992,7.008837634679115
2020-08-04,1.2542265857334909,1.254735812930297,1.2078869108241332,1.2201083635474803,184489980.0,444588545.0,-2.1641486320947303,6.531770664830166
2020-08-05,1.3163523037438385,1.3163523037438385,1.2313113618772153,1.2364036338452764,326822421.0,805544143.0,1.3355592654424053,10.961671094748292
2020-08-06,1.2190899091538683,1.261864993685583,1.2083961380209396,1.2486250865686235,239122216.0,581880770.0,0.9884678747940702,8.19332083331249
2020-08-07,1.2409866786165316,1.241495905813338,1.1768240518189597,1.2129791827921947,227747298.0,540511861.0,-2.854812398042408,7.776921905938388
2020-08-10,1.1992300484784293,1.2195991363506742,1.1814070965902146,1.2002485028720415,140442462.0,330637294.0,-1.0495382031905924,4.7025741621853365
2020-08-11,1.2002485028720415,1.2119607283985823,1.1747871430317351,1.1773332790157656,127656421.0,300279536.0,-1.90920661858296,4.244599986606825
2020-08-12,1.174277915834929,1.1839532325742455,1.1335397400904388,1.1747871430317351,168037538.0,380506076.0,-0.21626297577854214,5.563232506598738
2020-08-13,1.177842506212572,1.1829347781806332,1.163074917505194,1.166130280686031,87839625.0,202496208.0,-0.7368877329865585,2.885188801662065
2020-08-14,1.1651118262924185,1.1814070965902146,1.1564549639467145,1.1814070965902146,88359125.0,203442280.0,1.3100436681222623,2.90416015530377
2020-08-17,1.1880270501486945,1.2017761844624597,1.1717317798508984,1.2012669572656538,153632484.0,358054392.0,1.6810344827586272,4.995363163175519
2020-08-18,1.2017761844624597,1.2068684564305212,1.1880270501486945,1.1951562309039803,107569705.0,252864298.0,-0.5086901229334468,3.501046118182909
2020-08-19,1.1915916405263371,1.1915916405263371,1.150853464781847,1.1518719191754594,126298242.0,289612421.0,-3.621644652748188,4.134822968511592
2020-08-20,1.1411781480425307,1.1574734183403268,1.1269197865319591,1.1345581944840513,85971600.0,192424141.0,-1.5030946065428739,2.765692463166661
2020-08-21,1.1442335112233675,1.1498350103882349,1.1111337434309692,1.1289566953191836,152764627.0,338306911.0,-0.493716337522447,4.798634855491522
2020-08-24,1.1330305128936327,1.1401596936489184,1.098912290707622,1.1284474681223777,125258914.99999999,275608040.0,-0.04510599909787505,3.854711359138191
2020-08-25,1.1294659225159898,1.138122784861694,1.1152075610054182,1.1192813785798672,88746276.0,196055369.0,-0.8122743682310576,2.721024897180802
2020-08-26,1.1152075610054182,1.1167352425958366,1.074469385260928,1.0754878396545404,160018154.0,342889316.0,-3.912647861692441,4.830734099525621
2020-08-27,1.0749786124577343,1.1126614250213875,1.0602110237503564,1.1045137898724895,163758148.0,351481380.0,2.698863636363633,5.008657526966341
2020-08-28,1.0999307451012346,1.1152075610054182,1.090764655558724,1.114698333808612,94857488.0,205341620.0,0.9220839096357778,2.897737462676819
2020-08-31,1.118772151383061,1.1315028313032143,1.1040045626756836,1.1055322442661017,121717457.0,267637396.0,-0.8222932846048532,3.686729990575804
2020-09-01,1.1009491994948466,1.1040045626756836,1.0872000651810811,1.1040045626756836,69267234.0,149275253.0,-0.13818516812527268,2.0936133085978677
2020-09-02,1.1075691530533263,1.1080783802501326,1.0821077932130199,1.0846539291970505,116382532.0,249004333.0,-1.7527675276752883,3.428560031990556
2020-09-03,1.0821077932130199,1.0958569275267855,1.0693771132928669,1.0872000651810811,125332347.0,266335571.0,0.2347417840375537,3.6280874712527287
2020-09-04,1.0795616572289894,1.1223367417607042,1.0770155212449588,1.1075691530533263,270779228.0,588713780.0,1.8735362997658096,7.632955337753458
2020-09-07,1.1177536969894488,1.118772151383061,1.0541002973886828,1.0591925693567443,324096583.0,689158378.0,-4.367816091954012,8.623025882281073
2020-09-08,1.0541002973886828,1.0586833421599382,1.0296573919419887,1.042388071862142,170852969.0,350053596.0,-1.5865384615384577,4.403992517802157
2020-09-09,1.0255835743675397,1.0281297103515705,0.9884099890006927,0.9935022609687539,215317631.99999997,424983735.0,-4.689789936492432,5.475334607602721
2020-09-10,1.0052144864952948,1.0108159856601622,0.9746608546869271,0.9777162178677639,141129640.0,275845744.0,-1.5889287544848867,3.5419645186256408
2020-09-11,0.9761885362773456,1.0041960321016825,0.9741516274901211,1.0011406689208457,139789500.0,272275843.0,2.3958333333333357,3.496921502324277
2020-09-14,1.0087790768729377,1.0255835743675397,1.002159123314458,1.014380576037805,132108161.00000001,262761783.0,1.322482197355037,3.302289752750518
2020-09-15,1.0123436672505806,1.034240436713244,0.9996129873304275,1.0215097567930906,145218000.0,290416935.0,0.7028112449799092,3.6218464847677585
2020-09-16,1.018454393612254,1.0281297103515705,1.0082698496761315,1.0113252128569683,98204500.0,196316597.0,-0.9970089730807477,2.4499053486766553
2020-09-17,1.0082698496761315,1.0428972990589482,0.9985945329368152,1.0316943007292132,169805859.0,341170069.0,2.0140986908358416,4.237199818600207
2020-09-18,1.0266020287611521,1.0444249806493666,1.0215097567930906,1.0439157534525603,153881098.0,312279687.0,1.1846001974333675,3.8283624602432074
2020-09-21,1.0469711166333973,1.065812522915224,1.0428972990589482,1.0459526622397848,143470904.0,297166124.0,0.1951219512195124,3.580058379512144
2020-09-22,1.0322035279260195,1.0408603902717237,1.018454393612254,1.0240558927771215,115994711.00000001,234728020.0,-2.0934761441090415,2.870799636817388
2020-09-23,1.0281297103515705,1.0428972990589482,1.0204913023994786,1.0357681183036622,119458639.99999999,242543694.0,1.1437095972153002,2.947775124985755
2020-09-24,1.0240558927771215,1.0316943007292132,1.0169267120218357,1.0189636208090602,98454500.0,197650234.0,-1.6224188790560434,2.4175434373043125
2020-09-25,1.0250743471707338,1.0266020287611521,1.0031775777080703,1.010306758463356,88547600.0,175959235.0,-0.8495752123937984,2.164712407656195
2020-09-28,1.0047052592984886,1.0092883040697438,0.9879007618038864,0.9924838065751417,92063820.0,179912813.0,-1.7641129032258025,2.2348289785915374
2020-09-29,0.9965576241495907,1.0169267120218357,0.9965576241495907,1.00979753126655,111678496.0,221506389.0,1.744484350949206,2.6991769767930975
2020-09-30,1.0108159856601622,1.0159082576282235,1.002159123314458,1.006232940888907,89470867.0,177246441.0,-0.3530005042864406,2.1541068550879165
2020-10-09,1.0225282111867031,1.0362773455004686,1.0204913023994786,1.0327127551228257,121388800.0,245272021.0,2.6315789473684235,2.926087678207106
2020-10-12,1.0378050270908867,1.0882185195746934,1.0378050270908867,1.0861816107874689,214908914.0,449797875.0,5.177514792899408,5.228289013278135
2020-10-13,1.0846539291970505,1.0851631563938566,1.0688678860960608,1.0821077932130199,153333353.0,324445888.0,-0.3750586029067045,3.703255315575518
2020-10-14,1.0795616572289894,1.0795616572289894,1.0571556605695198,1.0612294781439688,133874900.0,279636412.0,-1.9294117647058788,3.20159852615632
2020-10-15,1.0591925693567443,1.0754878396545404,1.0530818429950708,1.053591070191877,101795500.0,212764395.0,-0.7197696737044205,2.421683273693376
2020-10-16,1.057664887766326,1.061738705340775,1.0398419358781112,1.0510449342078463,109042080.0,224682853.0,-0.24166263895601228,2.569019525448193
2020-10-19,1.0571556605695198,1.0591925693567443,1.0398419358781112,1.0413696174685299,108400582.0,223132319.0,-0.9205426356589209,2.5294723245711856
2020-10-20,1.0388234814844992,1.0525726157982647,1.030166619138795,1.0520633886014583,87715625.0,179071462.0,1.0268948655256678,2.0330417987077904
2020-10-21,1.049517252617428,1.049517252617428,1.0123436672505806,1.0189636208090602,197430105.0,396780417.0,-3.1461761858664063,4.473321048605894
2020-10-22,1.0113252128569683,1.0296573919419887,1.0016498961176519,1.0199820752026725,100206433.0,200399377.0,0.09995002498751743,2.2730269271978067
2020-10-23,1.0199820752026725,1.0286389375483767,0.9960483969527845,0.9996129873304275,130063300.0,257861262.0,-1.9970044932601114,2.906116583396302
2020-10-26,0.9904468977879172,1.0047052592984886,0.9828084898358251,0.9970668513463967,91734500.0,179147769.0,-0.2547121752419824,2.041038230310643
2020-10-27,0.9914653521815294,1.0041960321016825,0.9894284433943049,1.002159123314458,74880901.0,146565433.0,0.5107252298263538,1.6605138288225099
2020-10-28,1.0001222145272335,1.0092883040697438,0.9889192161974987,1.006232940888907,108310900.0,212873406.0,0.4065040650406508,2.4013048836384456
2020-10-29,0.9904468977879172,1.0036868049048764,0.9884099890006927,1.0016498961176519,87424900.0,171298993.0,-0.45546558704452916,1.936963889102692
2020-10-30,1.005723713692101,1.0484987982238156,1.0047052592984886,1.0245651199739276,285104793.0,575685149.0,2.2877478393492594,6.483335447412438
2020-11-02,1.0337312095164377,1.0459526622397848,1.0128528944473867,1.0439157534525603,174077340.0,352358713.0,1.888667992047704,3.9406286150239938
2020-11-03,1.0479895710270093,1.0714140220800914,1.0418788446653358,1.0612294781439688,212314854.99999997,441647402.0,1.6585365853658662,4.849029752597109
2020-11-04,1.0602110237503564,1.06632175011203,1.0490080254206218,1.0525726157982647,129374022.0,268185381.0,-0.8157389635316653,2.972405939039474
2020-11-05,1.0678494317024485,1.0729417036705098,1.0505357070110402,1.0642848413248054,151378976.0,315653473.0,1.112723754233173,3.504547121614812
2020-11-06,1.065812522915224,1.0933107915427547,1.0520633886014583,1.0922923371491424,272045440.0,573107760.0,2.631578947368429,6.395799338794214
2020-11-09,1.114698333808612,1.1966839124943986,1.1141891066118061,1.1885362773455006,545094147.0,1244966105.0,8.811188811188813,12.939914874339046
2020-11-10,1.178351733409378,1.1803886421966026,1.1411781480425307,1.150344237585041,395589108.0,900028635.0,-3.2133676092545063,9.26546296338369
2020-11-11,1.1345581944840513,1.1457611928137859,1.0882185195746934,1.0912738827555302,432509862.0,940979469.0,-5.1350154935812355,9.724782168722225
2020-11-12,1.102476881085265,1.1070599258565201,1.0805801116226015,1.0933107915427547,193205037.0,414961874.0,0.1866542230517967,4.320808659855621
2020-11-13,1.0836354748034385,1.1075691530533263,1.0714140220800914,1.098403063510816,234502990.0,502685425.0,0.46576618537495257,5.116240818319303
2020-11-16,1.0922923371491424,1.094329245936367,1.074469385260928,1.0861816107874689,158946412.0,338287596.0,-1.1126564673157173,3.4452443911477393
2020-11-17,1.0821077932130199,1.1050230170692956,1.0515541614046524,1.1034953354788772,374469947.0,789782745.0,1.5939990623534837,7.971682884719703
2020-11-18,1.0928015643459486,1.1111337434309692,1.085672383590663,1.0922923371491424,261620200.0,564146222.0,-1.01522842639593,5.509531448424427
2020-11-19,1.0821077932130199,1.1162260153990307,1.078033975638571,1.0968753819203976,273403956.0,592488759.0,0.4195804195804148,5.754053507882498
2020-11-20,1.0922923371491424,1.1090968346437446,1.0887277467714995,1.0922923371491424,200229792.0,430647899.0,-0.4178272980501345,4.174496338143769
2020-11-23,1.0892369739683057,1.106550698659714,1.0754878396545404,1.0968753819203976,256226225.99999997,549969645.0,0.4195804195804148,5.29885493993612
2020-11-24,1.1004399722980405,1.1259013321383469,1.09789383631401,1.1101152890373571,354307597.0,774385968.0,1.207056638811525,7.405318501499989
2020-11-25,1.1080783802501326,1.1192813785798672,1.098912290707622,1.1009491994948466,263030906.99999997,572057671.0,-0.8256880733945062,5.447464201007442
2020-11-26,1.1004399722980405,1.114698333808612,1.0922923371491424,1.0933107915427547,215084074.00000003,465992435.0,-0.6938020351526422,4.436093516558044
2020-11-27,1.089746201165112,1.1045137898724895,1.078543202835377,1.0958569275267855,197605340.0,423549200.0,0.23288309268748664,4.0831752557670296
2020-11-30,1.09789383631401,1.1177536969894488,1.0846539291970505,1.1040045626756836,296960514.0,644018658.0,0.7434944237918222,6.132377978672099
2020-12-01,1.0999307451012346,1.110624516234163,1.094838473133173,1.1096060618405508,308727140.0,668378511.0,0.507380073800723,6.217440903958589
2020-12-02,1.1136798794149998,1.1345581944840513,1.1121521978245816,1.1304843769096022,406186035.0,897503209.0,1.8815970628728946,8.39313738864608
2020-12-03,1.1304843769096022,1.138122784861694,1.1167352425958366,1.1182629241862552,277996087.0,615285046.0,-1.081081081081082,5.736015346161637
2020-12-04,1.114698333808612,1.1304843769096022,1.1116429706277753,1.1248828777447346,202119177.0,445567273.0,0.5919854280509973,4.216524483207663
2020-12-07,1.150853464781847,1.157982645537133,1.1289566953191836,1.129975149712796,300226204.0,673880649.0,0.45269352648256167,6.4502328476916695
2020-12-08,1.129975149712796,1.1371043304680817,1.1253921049415407,1.1330305128936327,139842446.0,310762794.0,0.2703920684993343,3.018724051008464
2020-12-09,1.1274290137287653,1.129975149712796,1.094329245936367,1.09789383631401,239296049.00000003,523047037.0,-3.101123595505616,5.134555446368458
2020-12-10,1.093820018739561,1.106041471462908,1.0877092923778875,1.0994215179044282,157020229.0,338407371.0,0.13914656771798095,3.3691700108344556
2020-12-11,1.0968753819203976,1.09789383631401,1.065812522915224,1.0770155212449588,250196904.99999997,529641587.00000006,-2.03798054654931,5.262315917095666
2020-12-14,1.0749786124577343,1.0861816107874689,1.0714140220800914,1.085672383590663,142360398.0,301499698.0,0.8037825059101609,2.9798083592558773
2020-12-15,1.0805801116226015,1.090255428361918,1.069886340489673,1.0759970668513466,135514478.0,287406424.0,-0.8911819887429703,2.8359197855696108
2020-12-16,1.0709047948832853,1.073450930867316,1.0546095245854892,1.0561372061759073,162486898.0,338035922.0,-1.8457169900615307,3.3904399994174232
2020-12-17,1.053591070191877,1.0632663869311934,1.0413696174685299,1.061738705340775,147936869.0,306138796.0,0.5303760848601794,3.0778490294126177
2020-12-18,1.0759970668513466,1.078543202835377,1.0520633886014583,1.0530818429950708,177718538.0,371659083.0,-0.8153477218225375,3.6616559614750734
2020-12-21,1.0444249806493666,1.0861816107874689,1.0434065262557544,1.0790524300321833,213357542.0,449831662.0,2.466150870406197,4.432480777300218
2020-12-22,1.069886340489673,1.077524748441765,1.0439157534525603,1.0469711166333973,178691056.0,372051226.0,-2.9731005191127964,3.6938705841928576
2020-12-23,1.0469711166333973,1.0749786124577343,1.0367865726972747,1.073450930867316,226583870.00000003,471307078.0,2.529182879377434,4.687778744594655
2020-12-24,1.0709047948832853,1.0841447020002444,1.0591925693567443,1.0612294781439688,148130591.0,310986621.0,-1.1385199240986728,3.0520353572342342
2020-12-25,1.0581741149631319,1.0581741149631319,1.0352588911068563,1.0439157534525603,225869400.0,462665358.0,-1.6314779270633517,4.545111544179338
2020-12-28,1.0408603902717237,1.0408603902717237,1.0199820752026725,1.0215097567930906,190716059.0,384541449.0,-2.1463414634146365,3.7318460390719363
2020-12-29,1.0210005295962847,1.0541002973886828,1.0194728480058661,1.0398419358781112,234333965.0,478972300.0,1.7946161515453658,4.662896847435215
2020-12-30,1.034240436713244,1.0530818429950708,1.0240558927771215,1.0469711166333973,172153017.0,351519784.0,0.6856023506366423,3.409982284249161
2020-12-31,1.0484987982238156,1.070395567686479,1.0484987982238156,1.069886340489673,238484966.0,497504528.0,2.188715953307389,4.72855915308685
2021-01-04,1.0749786124577343,1.0933107915427547,1.061738705340775,1.0912738827555302,246036360.0,522981662.0,1.9990480723464927,4.881187821418891
2021-01-05,1.0892369739683057,1.129975149712796,1.0795616572289894,1.1289566953191836,367284664.0,798579223.0,3.4531031264582497,7.45831109250483
2021-01-06,1.1330305128936327,1.1355766488776633,1.0999307451012346,1.1045137898724895,345132135.0,752986712.0,-2.1650879566982426,7.045667207879764
2021-01-07,1.1040045626756836,1.1040045626756836,1.0770155212449588,1.090764655558724,282146196.0,602463789.0,-1.244813278008305,5.699345387572629
2021-01-08,1.0922923371491424,1.1004399722980405,1.0770155212449588,1.0917831099523365,221223079.0,473846495.0,0.09337068160598617,4.447140395044183
2021-01-11,1.0994215179044282,1.1335397400904388,1.0953477003299792,1.1075691530533263,398268886.0,873933173.0,1.4458955223880454,8.155395499188717
2021-01-12,1.1055322442661017,1.1162260153990307,1.089746201165112,1.1157167882022243,276156760.0,600167048.0,0.7356321839080467,5.588518858780948
2021-01-13,1.1218275145638978,1.1457611928137859,1.1111337434309692,1.1447427384201738,422678198.00000006,939829412.0,2.6015518028297757,8.77927178259649
2021-01-14,1.1472888744042042,1.183444005377439,1.1269197865319591,1.1528903735690714,497220511.00000006,1132407197.0,0.7117437722419737,10.38797292419278
2021-01-15,1.1528903735690714,1.1651118262924185,1.1182629241862552,1.1325212856968268,322367125.0,723370964.0,-1.7667844522968017,6.829085945905158
2021-01-18,1.1269197865319591,1.1915916405263371,1.1182629241862552,1.183444005377439,469296894.00000006,1073879573.0,4.496402877697825,10.229901032409407
2021-01-19,1.1814070965902146,1.1844624597710516,1.1528903735690714,1.158491872733939,344931130.0,791258204.0,-2.108433734939756,7.49768492645737
2021-01-20,1.1635841447020003,1.1681671894732555,1.1411781480425307,1.163074917505194,233773597.00000003,530421653.00000006,0.3956043956043911,5.048558603302995
2021-01-21,1.166130280686031,1.17020409826048,1.1457611928137859,1.1595103271275513,274541733.0,624882128.0,-0.30647985989490695,5.865647418402873
2021-01-22,1.159001099930745,1.1615472359147758,1.1157167882022243,1.1294659225159898,447297871.0,994388258.0,-2.591128678085207,9.24073349172187
2021-01-25,1.1075691530533263,1.1371043304680817,1.0963661547235914,1.1269197865319591,326455402.0,718176212.0,-0.22542831379620798,6.8879687312282485
2021-01-26,1.1320120585000204,1.1442335112233675,1.1075691530533263,1.1121521978245816,242733004.99999997,535694986.99999994,-1.3104383190239455,5.094614614270897
2021-01-27,1.1136798794149998,1.1192813785798672,1.0836354748034385,1.09789383631401,203491038.0,438514426.0,-1.282051282051283,4.290795166382436
2021-01-28,1.0836354748034385,1.0963661547235914,1.0622479325375809,1.0642848413248054,226026200.99999997,477887450.0,-3.061224489795931,4.759947674443336
2021-01-29,1.0709047948832853,1.0754878396545404,1.0316943007292132,1.0474803438302034,234848964.0,485099586.0,-1.5789473684210489,4.902387553637909
2021-02-01,1.0439157534525603,1.057664887766326,1.0413696174685299,1.0525726157982647,127156158.0,262176300.99999997,0.4861448711716204,2.6011273638070462
2021-02-02,1.0566464333727137,1.0632663869311934,1.0449342078461727,1.0632663869311934,140030931.0,290493816.0,1.0159651669085585,2.8627390262843204
2021-02-03,1.0597017965535505,1.0597017965535505,1.0210005295962847,1.0230374383835092,278705642.0,567775260.0,-3.7835249042145676,5.588081030867999
2021-02-04,1.0174359392186418,1.0316943007292132,0.9777162178677639,1.0255835743675397,371076020.0,730992145.0,0.24888003982080106,7.400057569029091
2021-02-05,1.0332219823196318,1.0332219823196318,0.9985945329368152,0.9996129873304275,234575283.0,466606869.0,-2.532274081429976,4.605383333721409
2021-02-08,0.9985945329368152,1.0296573919419887,0.998085305740009,1.018454393612254,220207952.0,440746177.0,1.8848700967906227,4.348067405169053
2021-02-09,1.0194728480058661,1.0367865726972747,1.0118344400537744,1.0367865726972747,175943208.0,355178593.0,1.8000000000000016,3.4905891314233832
2021-02-10,1.038314254287693,1.0398419358781112,1.0245651199739276,1.038314254287693,147104325.0,298785518.0,0.147347740667982,2.9115145490893246
2021-02-18,1.0591925693567443,1.078033975638571,1.0459526622397848,1.0647940685216117,287862573.0,601513598.0,2.550269740068663,5.725757731205586
2021-02-19,1.0607202509471627,1.061738705340775,1.0388234814844992,1.0607202509471627,235362045.00000003,484667120.0,-0.3825920612147301,4.597362286306844
2021-02-22,1.0612294781439688,1.0714140220800914,1.0378050270908867,1.0388234814844992,205692764.0,427022047.0,-2.0643302928468623,4.024903464469967
2021-02-23,1.0311850735324073,1.0398419358781112,1.0169267120218357,1.0311850735324073,150817881.0,305094430.0,-0.7352941176470649,2.9586626335276627
2021-02-24,1.0332219823196318,1.0678494317024485,1.0322035279260195,1.0459526622397848,339992363.0,702554423.0,1.4320987654320947,6.658028848633716
2021-02-25,1.0520633886014583,1.0546095245854892,1.0296573919419887,1.0327127551228257,178449877.0,363984282.0,-1.2658227848101171,3.466054474332708
2021-02-26,1.0159082576282235,1.0245651199739276,1.0047052592984886,1.0072513952825193,210100754.99999997,418301414.0,-2.4654832347140063,4.0299354073302505
2021-03-01,1.0159082576282235,1.0479895710270093,1.0133621216441928,1.0469711166333973,244388894.0,495473372.0,3.9433771486349882,4.805600383427256
2021-03-02,1.053591070191877,1.0591925693567443,1.0398419358781112,1.053591070191877,199425685.0,411809128.0,0.6322957198443532,3.9400496706333286
2021-03-03,1.049517252617428,1.0525726157982647,1.0327127551228257,1.0515541614046524,142818500.0,292372827.0,-0.1933301111648141,2.796249626382902
2021-03-04,1.0474803438302034,1.0602110237503564,1.0204913023994786,1.0240558927771215,215996014.0,439282020.0,-2.6150121065375216,4.162172445917641
2021-03-05,1.0133621216441928,1.0225282111867031,1.0082698496761315,1.018454393612254,165179394.0,329150148.0,-0.5469915464942875,3.150774197159074
2021-03-08,1.0230374383835092,1.026092801564346,0.9680409011284475,0.9710962643092843,269125653.0,526855236.99999994,-4.649999999999999,5.013983469926362
2021-03-09,0.9680409011284475,0.9710962643092843,0.9145720454638042,0.9171181814478347,265612985.0,488324111.0,-5.55846879916099,4.964263071549662
2021-03-10,0.9323949973520186,0.9349411333360493,0.9125351366765797,0.914062818266998,130824193.0,237042757.0,-0.3331482509716827,2.452876138524974
2021-03-11,0.9155904998574165,0.9716054915060903,0.9079520919053244,0.9451256772721719,221623179.0,407292946.0,3.3983286908078085,4.145199745373694
2021-03-12,0.9461441316657841,0.9461441316657841,0.9191550902350593,0.922210453415896,175417430.0,319277142.0,-2.4245689655172495,3.252384749366357
2021-03-15,0.9150812726606102,0.9150812726606102,0.877907687293763,0.8835091864586305,191801937.0,336072783.0,-4.196576477084475,3.5640968660458308
2021-03-16,0.885546095245855,0.8931845031979468,0.8712877337352835,0.8829999592618243,130907697.0,226824389.0,-0.05763688760807561,2.4235425969866378
2021-03-17,0.8799445960809875,0.9048967287244877,0.8799445960809875,0.9008229111500387,211587981.99999997,373379520.0,2.018454440599765,3.936153123416309
2021-03-18,0.9023505927404571,0.9064244103149062,0.8921660488043346,0.8967490935755896,94491952.0,166685366.0,-0.45223289994347127,1.7555396265729066
2021-03-19,0.8784169144905692,0.9048967287244877,0.8763800057033447,0.8952214119851714,133369444.0,233748933.0,-0.170357751277677,2.487075043965486
2021-03-22,0.8926752760011406,0.9008229111500387,0.8896199128203041,0.8977675479692019,84732400.0,148919867.0,0.28441410693969815,1.5797962443118783
2021-03-23,0.9013321383468449,0.9166089542510287,0.8947121847883651,0.8967490935755896,124711865.99999999,221595225.0,-0.11344299489506535,2.3256284221666825
2021-03-24,0.8921660488043346,0.8942029575915591,0.873833869719314,0.877907687293763,118562823.0,205173641.0,-2.1010789324247545,2.205614050766386
2021-03-25,0.8723061881288957,0.8896199128203041,0.8707785065384772,0.8829999592618243,97050652.0,168398889.0,0.5800464037122974,1.8030770003644028
2021-03-26,0.8829999592618243,0.8829999592618243,0.8829999592618243,0.8829999592618243,0.0,0.0,0.0,0.0
2021-03-29,0.888,0.9,0.884,0.886,216249344.0,192708643.0,0.33975084937712374,2.016686294873574
2021-03-30,0.886,0.894,0.881,0.887,130069636.00000001,115267109.0,0.1128668171557563,1.212543976399896
2021-03-31,0.888,0.895,0.877,0.893,160651571.0,142450035.0,0.6764374295377683,1.503805268772913
2021-04-01,0.896,0.928,0.895,0.926,452579580.99999994,416365625.0,3.695408734602467,4.3454577490496495
2021-04-02,0.933,0.98,0.933,0.98,702581380.0,678423327.0,5.831533477321807,6.9431873707407314
2021-04-06,0.985,0.989,0.963,0.973,255340479.99999997,248389483.0,-0.714285714285715,2.542471258299658
2021-04-07,0.968,0.98,0.954,0.98,217365674.00000003,210210093.0,0.7194244604316553,2.166938450704973
2021-04-08,0.97,0.986,0.966,0.972,201419461.0,196642593.0,-0.8163265306122457,2.001583910791804
2021-04-09,0.97,0.983,0.963,0.969,161851420.0,157223465.0,-0.30864197530864224,1.609340380468791
2021-04-12,0.967,0.987,0.948,0.957,276202164.0,266973436.0,-1.2383900928792582,2.761192288284291
2021-04-13,0.95,0.968,0.946,0.951,160215800.0,152936892.0,-0.6269592476489034,1.6016769203202126
2021-04-14,0.955,0.961,0.948,0.956,145364128.0,138650167.0,0.5257623554153528,1.45030505626078
2021-04-15,0.956,0.956,0.938,0.954,151830196.0,143504042.0,-0.2092050209205023,1.5118006728584663
2021-04-16,0.957,0.96,0.94,0.952,125179500.0,118853331.0,-0.20964360587002115,1.245195018133685
2021-04-19,0.946,0.965,0.932,0.965,251762362.0,240191388.0,1.365546218487396,2.492942590890848
2021-04-20,0.958,0.962,0.951,0.952,174361209.0,166882787.0,-1.3471502590673587,1.7268609174309892
2021-04-21,0.945,0.958,0.943,0.954,152700759.0,145269270.0,0.21008403361344558,1.5168441878773145
2021-04-22,0.959,0.977,0.955,0.969,245226946.0,237216643.0,1.5723270440251587,2.450553190567454
2021-04-23,0.966,0.977,0.963,0.974,190066346.0,184687242.0,0.5159958720330242,1.909254417547373
2021-04-26,0.979,1.008,0.979,0.985,432511626.0,429504333.0,1.1293634496919926,4.434650531657756
2021-04-27,0.981,0.987,0.97,0.976,170286600.0,166465938.0,-0.9137055837563459,1.7564366866248509
2021-04-28,0.981,1.001,0.968,0.999,233989308.0,231311090.0,2.3565573770491826,2.41649510488667
2021-04-29,1.001,1.021,1.0,1.004,257759550.99999997,259965686.0,0.5005005005005009,2.674130664293973
2021-04-30,1.001,1.015,0.997,1.005,230033721.0,231133806.0,0.09960159362548704,2.395934118803997
2021-05-06,0.998,1.011,0.991,1.0,165456200.0,165508759.0,-0.4975124378109347,1.7316183952039537
2021-05-07,1.0,1.008,0.951,0.953,345276000.0,336775014.0,-4.700000000000005,3.5672680191998274
2021-05-10,0.949,0.95,0.93,0.936,240072600.0,225181284.0,-1.7838405036726026,2.4701359303951693
2021-05-11,0.925,0.941,0.918,0.939,190086510.0,176573735.0,0.32051282051280894,1.9506048207103792
2021-05-12,0.937,0.959,0.924,0.959,251947638.0,237422264.0,2.129925452609161,2.574308218298806
2021-05-13,0.945,0.975,0.942,0.96,235723500.0,226853415.0,0.10427528675703868,2.410999419085823
2021-05-14,0.966,0.991,0.951,0.983,359236206.0,350430555.0,2.3958333333333357,3.6660483112793223
2021-05-17,0.984,1.001,0.981,0.983,283633700.0,281259338.0,0.0,2.9117502841288347
2021-05-18,0.971,0.982,0.969,0.98,150621353.0,147114692.0,-0.3051881993896239,1.5472141479228627
2021-05-19,0.977,0.993,0.974,0.99,224188556.0,221163436.0,1.020408163265307,2.317672620322399
2021-05-20,0.985,0.993,0.979,0.985,187319566.0,184553873.0,-0.5050505050505055,1.944964136447836
2021-05-21,0.984,0.994,0.976,0.978,145481797.0,143115588.0,-0.7106598984771579,1.515276975836151
2021-05-24,0.976,0.998,0.965,0.996,250683244.0,246300164.0,1.8404907975460139,2.627981438229041
2021-05-25,0.997,1.023,0.996,1.02,362181533.0,366969374.0,2.40963855421687,3.8558649439887365
2021-05-26,1.022,1.029,1.01,1.014,252195197.00000003,257157628.0,-0.5882352941176475,2.7114837048337455
2021-05-27,1.016,1.07,1.013,1.059,630046948.0,662430935.0,4.4378698224852,6.993525321712603
2021-05-28,1.056,1.065,1.045,1.054,339763522.0,358380263.0,-0.4721435316336066,3.8085795862698677
2021-05-31,1.063,1.074,1.058,1.067,284706705.0,303506887.0,1.2333965844402182,3.18285735513846
2021-06-01,1.065,1.096,1.057,1.082,369447313.0,399894435.0,1.4058106841612115,4.159972562109985
2021-06-02,1.083,1.085,1.059,1.071,353159500.0,378369905.0,-1.0166358595194196,3.9909521564665202
2021-06-03,1.064,1.072,1.05,1.056,237935306.0,252299340.0,-1.4005602240896267,2.704731256447366
2021-06-04,1.05,1.092,1.05,1.085,373670671.0,402654616.0,2.7462121212121127,4.308434404431702
2021-06-07,1.111,1.132,1.11,1.121,489757351.99999994,549316678.0,3.3179723502304177,5.736876484390845
2021-06-08,1.13,1.13,1.104,1.113,363774274.0,406269723.0,-0.7136485280999114,4.219627909678636
2021-06-09,1.111,1.13,1.108,1.124,247319595.00000003,277301908.0,0.9883198562443953,2.877480993725239
2021-06-10,1.121,1.14,1.116,1.14,354962755.0,401691616.0,1.4234875444839672,4.13564728086564
2021-06-11,1.14,1.142,1.114,1.116,345815319.0,388147479.0,-2.1052631578947194,4.025319218816297
2021-06-15,1.114,1.143,1.112,1.131,369666231.0,418445758.0,1.3440860215053676,4.372159356620498
2021-06-16,1.134,1.155,1.096,1.097,398415725.0,448533024.0,-3.0061892130857677,4.765166289367463
2021-06-17,1.092,1.194,1.092,1.186,789492447.0,913051524.0,8.1130355515041,9.924476300676973
2021-06-18,1.191,1.207,1.165,1.199,468930271.0,558963996.0,1.0961214165261488,6.15797832321445
2021-06-21,1.193,1.21,1.176,1.201,330050778.0,394336422.0,0.1668056713928275,4.411851613064322
2021-06-22,1.205,1.211,1.178,1.199,368754100.0,440272610.0,-0.16652789342214835,5.0479660270119515
2021-06-23,1.196,1.274,1.196,1.257,550234354.0,685293262.0,4.837364470391979,7.75742386483492
2021-06-24,1.252,1.262,1.225,1.235,360715784.0,446742374.0,-1.7501988862370563,5.114357009544133
2021-06-25,1.233,1.255,1.216,1.252,382756556.0,474541365.0,1.376518218623474,5.487546357682167
2021-06-28,1.252,1.3,1.25,1.282,352175505.0,449483931.0,2.3961661341853056,5.076766934357653
2021-06-29,1.279,1.283,1.247,1.273,338740815.0,428697721.0,-0.7020280811232542,4.820558438307901
2021-06-30,1.285,1.352,1.285,1.335,613884471.0,814943013.0,4.87038491751768,8.978852534171548
2021-07-01,1.336,1.337,1.3,1.306,428302757.0,565432437.0,-2.1722846441947503,6.193818279429385
2021-07-02,1.29,1.308,1.269,1.283,425275180.99999994,547416433.0,-1.7611026033690758,6.157158814858587
2021-07-05,1.3,1.348,1.3,1.346,542314202.0,718406513.0,4.910366328916615,7.9158358930069745
2021-07-06,1.348,1.366,1.279,1.315,705984672.0,934435047.0,-2.3031203566121943,9.953254105214327
2021-07-07,1.286,1.348,1.27,1.342,566729471.0,745508695.0,2.0532319391635085,8.030738017478127
2021-07-08,1.341,1.396,1.341,1.387,538076151.0,740168032.0,3.3532041728762985,7.81519055414873
2021-07-09,1.374,1.385,1.331,1.369,586577238.0,796176150.0,-1.2977649603460717,8.248867121934799
