date,PE,PE_TTM,PB_LF,VAL_PB_PERCENTILE,VAL_PE_PERCENTILE,PS,ROE_TTM,OPEN,CLOSE,HIGH,LOW,PCT_CHG,VOLUME
2020-07-23,85.7583,86.0177993774414,8.378000259399414,96.71361502347418,93.42723004694835,10.7173,8.476,1487.1965,1494.1393,1512.4677,1459.7342,-0.20646119618855244,894775500.0
2020-07-24,80.2436,80.48639678955078,7.839300155639647,88.26291079812206,69.01408450704226,10.0281,8.476,1467.1027,1389.3051,1474.4601,1389.3051,-7.016360522743763,1025438700.0
2020-07-27,79.1935,79.43309783935547,7.736700057983397,84.50704225352112,64.31924882629107,9.8969,8.476,1396.4882,1374.5189,1403.1125,1361.9814,-1.0642874628474341,620676300.0
2020-07-28,80.5822,80.7311019897461,7.869100093841553,88.73239436619718,70.4225352112676,10.0704,8.476,1385.7933,1400.5353,1404.9026,1383.2842,1.8927640791261569,544470700.0
2020-07-29,84.6932,84.84980010986328,8.270500183105469,95.30516431924885,90.61032863849763,10.5842,8.476,1400.9201,1476.9248,1476.9248,1395.9744,5.454307363762983,732699000.0
2020-07-30,84.4339,84.58999633789062,8.245200157165527,94.83568075117373,89.67136150234741,10.5518,8.476,1484.4299,1472.7914,1496.269,1467.7982,-0.2798652984904809,740287800.0
2020-07-31,86.4135,86.57350158691406,8.43850040435791,97.1830985915493,94.83568075117373,10.7992,8.476,1469.0996,1512.9764,1513.7613,1467.7757,2.728492303798076,855432300.0
2020-08-03,92.349,92.5198974609375,9.018199920654297,100.0,100.0,11.5409,8.476,1533.2272,1622.8132,1622.8132,1533.2272,7.25965058014124,966538900.0
2020-08-04,89.1667,89.33170318603516,8.707400321960451,98.59154929577466,98.59154929577466,11.1433,8.476,1620.7948,1566.0553,1628.138,1555.9031,-3.4975005133061563,782753300.0
2020-08-05,90.7213,90.88929748535156,8.859199523925781,99.53051643192488,99.53051643192488,11.3375,8.476,1592.3878,1588.6219,1597.4714,1556.6811,1.4409835974502374,716724700.0
2020-08-06,89.8035,89.9697036743164,8.769599914550781,99.06103286384977,99.06103286384977,11.2228,8.476,1582.4745,1573.869,1589.7518,1552.5356,-0.9286602431957018,698620900.0
2020-08-07,86.7954,87.00499725341797,8.473999977111816,97.65258215962444,95.77464788732394,10.8469,8.476,1561.8557,1526.8034,1568.5611,1492.2461,-2.990439483845219,735751000.0
2020-08-10,87.4412,87.65239715576172,8.536999702453612,98.1220657276995,97.1830985915493,10.9276,8.476,1520.1025,1535.5971,1555.6842,1507.2707,0.5759549657801354,601843700.0
2020-08-11,84.97,85.15039825439453,8.294300079345701,96.24413145539906,92.01877934272301,10.6188,8.476,1531.6047,1491.8414,1539.8359,1490.8349,-2.849425803161515,577138400.0
2020-08-12,83.04700000000003,82.90440368652344,8.100199699401855,92.95774647887323,82.62910798122066,10.3785,8.476,1485.5571,1458.6425,1488.88,1422.7308,-2.225363902623972,633610500.0
2020-08-13,83.3253,83.18229675292969,8.127400398254395,93.42723004694835,84.03755868544602,10.4133,8.476,1465.6044,1468.2291,1482.6307,1453.3811,0.657227524907583,494497100.0
2020-08-14,83.9579,83.61060333251953,8.179200172424316,93.89671361502349,86.85446009389672,10.4923,8.476,1466.795,1484.0407,1486.4016,1453.7359,1.0769164022154307,431304900.0
2020-08-17,84.4771,83.44100189208984,8.206899642944336,94.3661971830986,85.44600938967136,10.5572,8.476,1486.8129,1496.4003,1501.2509,1471.9158,0.8328343016468484,750681100.0
2020-08-18,85.4419,84.54660034179688,8.288900375366211,95.77464788732394,89.20187793427229,10.6778,8.476,1496.4213,1512.5092,1512.7557,1492.9592,1.0765100755459582,794674300.0
2020-08-19,83.3628,81.6187973022461,8.072999954223633,92.01877934272301,76.52582159624414,10.4179,8.476,1516.9763,1472.0212,1517.8933,1470.344,-2.6768762794963528,801652800.0
2020-08-20,81.7322,80.40480041503906,7.910999774932861,89.20187793427229,68.54460093896714,10.2142,8.476,1460.0349,1442.5793,1473.0528,1438.4556,-2.000100270295007,615474800.0
2020-08-21,82.2694,81.19349670410156,7.953999996185303,90.14084507042256,72.30046948356808,10.2813,8.476,1447.8013,1447.7135,1467.9805,1443.5203,0.3559041780233477,521510200.0
2020-08-24,82.3446,81.26249694824219,7.957699775695801,90.61032863849763,73.70892018779342,10.2907,8.476,1453.4923,1450.6667,1457.5771,1421.8894,0.20399063765033096,560666800.0
2020-08-25,81.0468,79.82450103759766,7.830100059509277,87.32394366197181,66.66666666666666,10.1285,8.476,1449.5374,1427.7048,1462.8962,1424.4151,-1.5828515261293319,526990900.0
2020-08-26,78.7219,77.91470336914062,7.592899799346924,78.8732394366197,55.86854460093896,9.838,8.476,1422.0026,1383.305,1430.7877,1377.2066,-3.109872573097738,654495300.0
2020-08-27,80.7355,78.93560028076172,7.740699768066406,84.97652582159625,60.093896713615024,10.0896,8.476,1389.9399,1417.5587,1429.955,1380.125,2.476221802133295,605652000.0
2020-08-28,80.5937,79.09980010986328,7.71019983291626,83.56807511737087,61.97183098591549,10.0719,8.476,1415.6485,1413.6374,1416.8167,1393.8469,-0.2766234653986444,565289700.0
2020-08-31,81.396,81.22470092773438,7.77269983291626,86.38497652582159,72.76995305164318,10.1721,8.476,1417.6635,1423.2355,1441.4578,1417.6578,0.6789647755499345,547569200.0
2020-09-01,81.2276,81.05660247802734,7.693299770355225,82.62910798122066,71.36150234741784,10.1511,8.476,1424.4333,1426.6505,1435.6476,1419.6013,0.2399462351803313,443187100.0
2020-09-02,80.9595,80.78910064697266,7.667900085449219,81.69014084507046,70.89201877934272,10.1176,8.476,1430.8669,1422.9526,1434.9204,1411.842,-0.2592015353444933,491983000.0
2020-09-03,79.7497,79.58180236816406,7.553299903869629,76.05633802816901,65.25821596244131,9.9664,8.476,1422.4154,1402.1443,1423.8929,1396.1111,-1.4623326174041318,530486100.0
2020-09-04,79.2791,79.11219787597656,7.508699893951416,70.89201877934272,62.44131455399062,9.9076,8.476,1377.3939,1390.2835,1396.0039,1371.1643,-0.8459043766037437,490981000.0
2020-09-07,77.2295,77.06690216064453,7.314599990844727,56.807511737089214,47.41784037558686,9.6514,8.476,1387.4929,1356.6991,1394.9037,1349.7673,-2.415651196320747,620760800.0
2020-09-08,76.6127,76.45140075683594,7.256199836730957,53.990610328638496,41.31455399061033,9.5744,8.476,1356.8211,1344.6124,1363.2754,1328.9241,-0.8908902497245014,444854500.0
2020-09-09,74.0442,73.88839721679688,7.012899875640869,44.13145539906103,22.06572769953052,9.2534,8.476,1331.4285,1298.0784,1332.0747,1289.3502,-3.4607742721991763,625218500.0
2020-09-10,73.3485,73.19409942626953,6.947000026702881,41.784037558685434,18.779342723004685,9.1664,8.476,1309.3155,1280.1888,1321.0598,1276.4983,-1.378160209737732,475059900.0
2020-09-11,75.0516,74.89360046386719,7.10830020904541,48.35680751173709,30.516431924882628,9.3793,8.476,1279.8406,1312.5123,1313.8472,1272.8442,2.5249010146003616,403620100.0
2020-09-14,78.7069,79.48819732666016,7.331200122833253,58.450704225352105,64.7887323943662,9.762,8.476,1334.9847,1348.0697,1372.8277,1334.9847,2.7091098498657806,437324800.0
2020-09-15,79.8088,80.6010971069336,7.43179988861084,64.31924882629107,69.48356807511738,9.8987,8.476,1348.7882,1364.6026,1372.4398,1334.8168,1.2264128479410172,410950400.0
2020-09-16,78.5922,79.37249755859375,7.326600074768066,57.74647887323944,63.84976525821596,9.7478,8.476,1363.3186,1349.6719,1364.4173,1341.6757,-1.09414271964599,413368600.0
2020-09-17,80.4865,81.28559875488281,7.5055999755859375,70.4225352112676,74.17840375586854,9.9828,8.476,1347.4536,1383.5899,1393.8529999999994,1335.0274,2.51305520993657,840625400.0
2020-09-18,81.6672,82.47799682617188,7.613399982452393,79.81220657276995,80.28169014084506,10.1292,8.476,1386.3824,1403.8988,1403.919,1379.9158,1.4678410127162678,637621000.0
2020-09-21,81.357,82.16470336914062,7.584799766540527,77.93427230046949,78.40375586854461,10.0907,8.476,1407.0685,1397.7463,1411.5049,1390.9045,-0.4382438392282919,517341600.0
2020-09-22,80.8237,81.6260986328125,7.534299850463867,74.17840375586854,76.99530516431925,10.0246,8.476,1389.7831,1390.0862,1403.2588,1379.0104,-0.5480322144297615,557156700.0
2020-09-23,82.662,83.48259735107422,7.704599857330322,83.09859154929578,85.91549295774648,10.2526,8.476,1401.3748,1423.9035,1440.6395,1400.2817,2.43274841517022,620890800.0
2020-09-24,80.8575,81.6603012084961,7.535999774932861,74.64788732394365,77.46478873239437,10.0288,8.476,1412.1571,1394.9263,1416.3779,1392.014,-2.0350536395198,503148700.0
2020-09-25,79.0905,79.87570190429688,7.368100166320801,60.56338028169014,67.13615023474179,9.8096,8.476,1399.3884,1364.0245,1402.675,1360.5504,-2.2152998334033915,382413100.0
2020-09-28,77.8114,78.58390045166016,7.2494001388549805,53.521126760563384,58.215962441314545,9.651,8.476,1367.4620000000002,1338.9521,1369.039,1335.9926,-1.8381194765929805,452322700.0
2020-09-29,80.685,81.48600006103516,7.521599769592285,72.76995305164318,75.5868544600939,10.0074,8.476,1345.9908,1389.9628,1403.4346,1345.9908,3.8097479364646483,429361600.0
2020-09-30,82.1464,82.96199798583984,7.662099838256836,81.2206572769953,83.09859154929578,10.1886,8.476,1394.8631,1418.7961,1431.8762,1393.9116,2.074393645642892,398506300.0
2020-10-09,84.8926,85.73539733886719,7.923600196838379,89.67136150234741,92.48826291079813,10.5293,8.476,1446.5161,1465.9591,1467.983,1446.5161,3.3241563040665256,492101500.0
2020-10-12,86.4301,87.28810119628906,8.065799713134767,91.54929577464789,96.24413145539906,10.7199,8.476,1475.2581,1490.5754,1491.605,1469.6515,1.6791941876140957,659816600.0
2020-10-13,86.7247,87.58560180664062,8.097499847412111,92.48826291079813,96.71361502347418,10.7565,8.476,1491.8546,1497.5955,1498.8282,1485.1321,0.4709657760352114,509545400.0
2020-10-14,85.8114,86.66329956054688,8.018899917602539,91.07981220657277,95.30516431924885,10.6432,8.476,1495.3401,1488.6697,1498.0027,1481.1209,-0.5960087353360758,467341800.0
2020-10-15,83.8605,84.69309997558594,7.835700035095215,87.79342723004694,90.14084507042256,10.4012,8.476,1489.3806,1453.7887,1492.9969,1451.8771,-2.3430986739368618,452031200.0
2020-10-16,83.0063,83.69039916992188,7.754899978637695,85.44600938967136,87.79342723004694,10.2953,8.476,1457.1513,1438.5283,1461.8287,1429.0797,-1.049698625391717,377744700.0
2020-10-19,81.7198,82.34649658203125,7.632699966430664,80.28169014084506,79.34272300469482,10.1357,8.476,1444.8406,1412.1484,1446.4907,1411.2694,-1.83381168100759,400946100.0
2020-10-20,82.6285,83.12429809570312,7.714700222015381,84.03755868544602,83.56807511737087,10.2484,8.476,1413.8658,1426.181,1428.0754,1402.7109,0.9937057606693462,387955600.0
2020-10-21,80.8978,81.38330078125,7.5472002029418945,75.5868544600939,74.64788732394365,10.0338,8.476,1427.2363,1396.9773,1429.4538,1396.1225,-2.04768539196638,384992800.0
2020-10-22,79.8502,80.3656005859375,7.445700168609619,65.72769953051643,68.07511737089203,9.9038,8.476,1395.1306,1376.5804,1395.1306,1373.5056,-1.4600738322662767,332909700.0
2020-10-23,77.2796,77.2073974609375,7.196700096130371,50.70422535211267,48.82629107981222,9.585,8.476,1380.3698,1336.527,1389.5165,1336.3729999999996,-2.909630269325352,377537900.0
2020-10-26,78.3505,78.27729797363281,7.299300193786621,55.399061032863855,57.74647887323944,9.7178,8.476,1332.6842,1356.1074,1364.9658,1313.4511,1.4650209086685158,307400900.0
2020-10-27,80.0653,79.07319641113281,7.448200225830077,66.19718309859155,61.032863849765256,9.9305,8.476,1359.1758,1385.7453,1386.8033,1354.8069,2.185512740362596,314777300.0
2020-10-28,81.4197,77.58540344238281,7.484799861907959,68.54460093896714,52.58215962441314,10.0985,8.476,1396.5597,1406.0745,1413.6585,1392.0673,1.4670228360146629,416634600.0
2020-10-29,81.9079,77.56620025634766,7.49459981918335,69.48356807511738,52.112676056338024,10.1591,8.476,1394.2803,1412.0554,1418.4061,1387.3837,0.42536152956333534,461204600.0
2020-10-30,80.9323,74.01010131835938,7.331600189208982,59.15492957746479,23.004694835680752,10.0381,8.476,1413.5108,1393.9095,1430.1186,1393.9095,-1.2850699767162097,612372500.0
2020-11-02,81.4551,74.44709777832031,7.388100147247314,61.50234741784038,25.352112676056336,10.1029,8.476,1402.0829,1400.9122,1406.9352,1370.8999,0.5023783825277041,525070100.0
2020-11-03,84.3115,77.05770111083984,7.643899917602539,80.75117370892018,46.94835680751174,10.4572,8.476,1403.6429,1449.0068,1451.6319,1402.2637,3.433091666986705,502076100.0
2020-11-04,84.6808,77.39520263671875,7.684999942779541,82.15962441314554,50.70422535211267,10.503,8.476,1454.73,1458.8957,1462.6744,1443.4236,0.6824605654024481,418000100.0
2020-11-05,85.4417,78.0906982421875,7.75600004196167,85.91549295774648,56.807511737089214,10.5974,8.476,1477.6142,1475.3752,1479.4708,1453.7243,1.1295872624753034,479650500.0
2020-11-06,83.5287,76.34230041503906,7.584400177001952,77.46478873239437,40.84507042253522,10.3601,8.476,1477.5278,1441.4739,1477.5278,1429.1191,-2.2978087201140425,445344100.0
2020-11-09,86.1792,78.76480102539062,7.8231000900268555,86.85446009389672,59.15492957746479,10.6888,8.476,1446.4716,1485.1478,1491.5152,1442.6223,3.0298085868915146,779695100.0
2020-11-10,83.6556,76.45819854736328,7.588399887084961,78.40375586854461,41.784037558685434,10.3758,8.476,1483.656,1441.965,1483.656,1438.5865,-2.907643266212294,581133000.0
2020-11-11,80.7955,73.84420013427734,7.325399875640869,57.27699530516433,21.596244131455396,10.0211,8.476,1440.7792,1395.51,1441.0049,1393.7349,-3.221645462961995,561544600.0
2020-11-12,81.9243,74.87590026855469,7.42519998550415,63.84976525821596,30.046948356807512,10.1611,8.476,1404.8095,1413.2936,1421.7398,1404.5715,1.2743441465844014,422059600.0
2020-11-13,83.3874,76.21320343017578,7.558000087738037,76.52582159624414,38.96713615023473,10.3426,8.476,1406.6849,1436.8870000000006,1441.0067,1401.461,1.6693912715659347,416021100.0
2020-11-16,83.9716,76.74710083007812,7.610899925231934,79.34272300469482,44.13145539906103,10.415,8.476,1520.2737,1446.9513,1520.2737,1444.3946,0.7004239025059036,471678200.0
2020-11-17,83.0914,75.94259643554688,7.525400161743164,73.23943661971832,37.08920187793427,10.3059,8.476,1455.2311,1430.8084,1455.2311,1425.2591,-1.1156491583372607,485868100.0
2020-11-18,82.4331,75.34100341796875,7.4721999168396,67.6056338028169,32.3943661971831,10.2242,8.476,1431.6594,1419.2262,1441.2247,1418.3613,-0.8094864413711739,502112100.0
2020-11-19,83.6822,76.48259735107422,7.583399772644043,76.99530516431925,42.25352112676056,10.3791,8.476,1415.6368,1435.9245,1436.4879,1408.2186,1.1765777717463233,449603400.0
2020-11-20,83.079,75.9312973022461,7.532000064849853,73.70892018779342,36.61971830985916,10.3043,8.476,1433.9469,1430.7197,1442.3083,1427.3091,-0.3624703109390485,470293000.0
2020-11-23,82.1877,75.1166000366211,7.4531002044677725,66.66666666666666,31.455399061032864,10.1938,8.476,1429.3892,1418.1014,1429.3892,1412.0226,-0.8819547253036418,474393900.0
2020-11-24,81.8655,74.82219696044922,7.421599864959718,62.91079812206573,29.57746478873239,10.1538,8.476,1412.0244,1412.7466,1420.3439,1409.3969,-0.3776034633348552,486434700.0
2020-11-25,80.6632,73.72329711914062,7.314199924468994,56.3380281690141,21.12676056338028,10.0047,8.476,1414.1887,1388.3639,1414.5144,1387.5569,-1.7259075335944811,465258000.0
2020-11-26,80.6372,73.69960021972656,7.309599876403809,55.86854460093896,20.187793427230044,10.0015,8.476,1386.2137,1385.3103,1398.5671,1380.1303,-0.21994233644363406,380050300.0
2020-11-27,80.9626,73.99700164794922,7.331200122833253,58.450704225352105,22.53521126760564,10.0418,8.476,1386.6546,1387.7688,1398.1427,1380.6407,0.17746926446731526,372317700.0
2020-11-30,81.3824,74.38069915771484,7.360899925231934,60.093896713615024,24.88262910798122,10.0939,8.476,1392.9541,1385.4828,1397.0145,1380.2173,-0.16472484465712575,418357400.0
2020-12-01,82.7616,75.64109802246094,7.4842000007629395,68.07511737089203,33.33333333333333,10.2649,8.476,1386.5778,1404.2375,1408.0376,1381.9561,1.3536580894400103,373174200.0
2020-12-02,83.2176,76.05789947509766,7.520500183105469,72.30046948356808,37.558685446009385,10.3215,8.476,1408.6704,1408.4882,1419.1076,1403.7274,0.3027052047819583,573848600.0
2020-12-03,83.5107,76.32579803466797,7.54449987411499,75.11737089201877,40.37558685446009,10.3579,8.476,1410.4351,1410.8293,1418.1231,1398.0995,0.16621367505954945,458501200.0
2020-12-04,83.0312,75.88760375976562,7.503499984741211,69.95305164319247,35.68075117370892,10.2984,8.476,1409.5915,1404.8659,1410.9282,1401.5304,-0.4226875639739047,417859700.0
2020-12-07,83.242,76.0802001953125,7.518199920654298,71.83098591549296,38.02816901408449,10.3245,8.476,1410.4976,1406.1941,1417.7766,1403.4201,0.09454283145458398,475897800.0
2020-12-08,83.0435,75.8989028930664,7.49370002746582,69.01408450704226,36.15023474178404,10.2999,8.476,1405.7192,1398.7298,1408.7868,1397.5510000000006,-0.5308157671831981,427957600.0
2020-12-09,81.33,74.33270263671875,7.335899829864503,59.6244131455399,23.943661971830984,10.0874,8.476,1400.5665,1365.0375,1404.2317,1364.1951,-2.4087783072899542,478335700.0
2020-12-10,81.7933,74.7562026977539,7.370800018310548,61.032863849765256,28.16901408450705,10.1448,8.476,1363.0033,1360.1842,1370.8285,1355.8829,-0.3555433458787756,504339800.0
2020-12-11,82.86399999999998,75.73470306396484,7.454800128936768,67.13615023474179,34.27230046948357,10.2776,8.476,1362.3437,1362.9608,1365.4317,1345.316,0.20413411654099087,666541300.0
2020-12-14,89.5468,77.50340270996094,6.869200229644775,39.43661971830985,51.17370892018778,10.9599,8.476,1361.6068,1375.0635,1380.0487,1353.8981,0.8879712461282755,458433500.0
2020-12-15,89.3205,77.30750274658203,6.79040002822876,36.61971830985916,50.23474178403756,10.9322,8.476,1373.9593,1363.1833,1379.7689,1357.3638,-0.8639746455345559,471348300.0
2020-12-16,88.6591,76.73500061035156,6.64769983291626,30.046948356807512,43.661971830985905,10.8513,8.476,1357.2222,1345.1327,1357.2222,1339.9581,-1.3241506112934192,556061400.0
2020-12-17,89.7682,77.69499969482422,6.740799903869629,33.80281690140845,53.990610328638496,10.987,8.476,1343.2814,1363.3594,1364.8803,1339.8978,1.3550112936812804,479830100.0
2020-12-18,89.5937,77.54389953613281,6.698699951171875,31.455399061032864,51.64319248826291,10.9657,8.476,1381.4819,1361.108,1381.4819,1357.7711,-0.16513620693121,466322100.0
2020-12-21,91.666,79.33760070800781,6.795499801635742,37.558685446009385,63.38028169014085,11.2193,8.476,1359.6852,1388.6685,1390.5929,1355.9254,2.0248576894706405,521218400.0
2020-12-22,89.9283,77.83350372314453,6.697000026702881,30.985915492957744,54.92957746478874,11.0066,8.476,1383.2888,1358.6185,1390.9858,1355.9715,-2.1639433745346683,516224600.0
2020-12-23,91.056,78.80960083007812,6.785799980163574,36.15023474178404,59.6244131455399,11.1447,8.476,1359.7276,1376.5953,1378.6058,1355.2452,1.3231676147498297,519609300.0
2020-12-24,89.1268,77.13980102539062,6.638199806213379,28.638497652582164,48.35680751173709,10.9085,8.476,1378.3835,1348.0134,1384.3115,1347.7976,-2.0762747047007863,576438200.0
2020-12-25,89.6472,77.59030151367188,6.644000053405763,29.10798122065729,53.05164319248826,10.9722,8.476,1348.4717,1349.7931,1357.6506,1340.7892,0.13202391014807774,498168100.0
2020-12-28,89.0145,77.0427017211914,6.557899951934815,25.58685446009389,46.009389671361504,10.8948,8.476,1345.2989,1339.0068,1349.3496,1335.2532,-0.7991076558325853,520898400.0
2020-12-29,88.8553,76.90489959716797,6.557899951934815,25.58685446009389,44.600938967136145,10.8753,8.476,1338.2399,1337.4696,1353.0612,1336.0901,-0.11480150810288725,481925500.0
2020-12-30,89.721,77.65409851074219,6.7224998474121085,32.863849765258216,53.521126760563384,10.9813,8.476,1336.7202,1362.9107,1367.7624,1335.2072,1.902181552388182,520048600.0
2020-12-31,92.2212,79.81800079345703,6.90339994430542,40.84507042253522,66.19718309859155,11.2873,8.476,1370.4413,1393.0272,1394.7391,1368.47,2.2097192427941237,546086100.0
2021-01-04,94.2045,81.53459930419922,7.029200077056885,45.07042253521128,76.05633802816901,11.53,8.476,1398.9557,1422.1246,1425.697,1389.5854,2.088789077485357,585545100.0
2021-01-05,94.076,81.42340087890625,7.0457000732421875,46.009389671361504,75.11737089201877,11.5143,8.476,1413.1818,1425.16,1427.1207,1409.5412,0.2134412132382761,609751200.0
2021-01-06,93.2188,80.68150329589844,7.080599784851074,46.94835680751174,69.95305164319247,11.4094,8.476,1430.0675,1415.0221,1434.1945,1408.0555,-0.7113517078784257,607145500.0
2021-01-07,90.8201,78.60540008544922,6.9000000953674325,40.37558685446009,58.685446009389665,11.1158,8.476,1414.8967,1381.9421,1417.4289,1370.1896,-2.337772675069876,663357300.0
2021-01-08,90.3211,78.17350006103516,6.935800075531006,41.31455399061033,57.27699530516433,11.0547,8.476,1382.1486,1378.7397,1385.1151,1366.1829,-0.2317318504154333,542409900.0
2021-01-11,91.3892,79.097900390625,7.02209997177124,44.600938967136145,61.50234741784038,11.1854,8.476,1385.3531,1390.6553,1407.9141,1378.1175,0.8642385506125495,576242000.0
2021-01-12,92.0983,79.71170043945312,7.090099811553955,47.88732394366197,65.72769953051643,11.2722,8.476,1389.4666,1405.2226,1408.4155,1379.8032,1.0475133557539498,451135300.0
2021-01-13,92.6309,80.17269897460938,7.088699817657473,47.41784037558686,67.6056338028169,11.3374,8.476,1412.0725,1407.4146,1416.6616,1389.7677,0.1559895208061703,570962000.0
2021-01-14,94.9539,82.18319702148438,7.295599937438965,54.92957746478874,78.8732394366197,11.6217,8.476,1406.0497,1447.2668,1478.7529,1399.5588,2.8315892132993388,754299300.0
2021-01-15,95.6673,82.85440063476562,7.245299816131593,53.05164319248826,82.15962441314554,11.709,8.476,1450.8567,1447.5828,1465.6919,1431.4545,0.021834260275977003,605488400.0
2021-01-18,98.222,85.06690216064453,7.4025001525878915,62.44131455399062,91.54929577464789,12.0217,8.476,1443.8197,1481.2494,1496.3662,1437.0207,2.3257115240661896,629034700.0
2021-01-19,95.4221,82.64199829101562,7.219900131225586,52.112676056338024,80.75117370892018,11.679,8.476,1485.463,1443.9205,1489.2174,1441.6158,-2.5200955355661225,573152000.0
2021-01-20,99.1179,85.8427963256836,7.39109992980957,61.97183098591549,92.95774647887323,12.1314,8.476,1450.7178,1481.4526,1482.1113,1444.7375,2.5993190068289858,492043200.0
2021-01-21,99.8927,86.51390075683594,7.424699783325195,63.38028169014085,94.3661971830986,12.2262,8.476,1485.6495,1482.2847,1492.9472,1465.8868,0.05616784499212832,526049000.0
2021-01-22,101.3976,87.81719970703125,7.434800148010254,65.25821596244131,97.65258215962444,12.4104,8.476,1482.6459,1486.3075,1487.6145,1456.0156,0.27139185879743355,580163700.0
2021-01-25,102.2692,88.57209777832031,7.510200023651122,71.36150234741784,98.1220657276995,12.5171,8.476,1481.7379,1498.595,1513.7253,1471.1805,0.8267131801461096,603583600.0
2021-01-26,99.8201,86.45099639892578,7.432700157165527,64.7887323943662,93.89671361502349,12.2173,8.476,1497.9992,1478.451,1509.4129999999998,1471.3055,-1.3441923935419513,484119000.0
2021-01-27,98.1471,85.0020980834961,7.263400077819824,54.460093896713616,91.07981220657277,12.0126,8.476,1481.486,1458.3723,1489.7587,1441.1761,-1.3580903256178274,452791700.0
2021-01-28,95.6293,82.82150268554688,7.073500156402588,46.478873239436616,81.69014084507046,11.7044,8.476,1441.3975,1421.5872,1461.8424,1418.9424,-2.522339460232484,428155500.0
2021-01-29,96.6214,83.68070220947266,7.1149001121521,48.82629107981222,87.32394366197181,11.8258,8.476,1435.2835,1421.9618,1440.251,1400.6705,0.02635082814477371,492039900.0
2021-02-01,96.1315,83.25640106201172,7.120699882507324,49.29577464788733,84.50704225352112,11.7659,8.476,1419.1797,1421.4807,1439.0389,1412.1587,-0.03383353898817601,462327200.0
2021-02-02,97.4292,84.38030242919922,7.157100200653076,50.23474178403756,88.73239436619718,11.9247,8.476,1419.7111,1438.0584,1438.0868,1414.3587,1.1662275822668449,446918800.0
2021-02-03,96.4622,83.54280090332031,7.035099983215332,45.539906103286384,86.38497652582159,11.8063,8.476,1436.0038,1410.1465,1443.9764,1410.1465,-1.9409434276104391,508493000.0
2021-02-04,95.2274,82.47339630126953,6.9797000885009775,43.192488262910786,79.81220657276995,11.6552,8.476,1402.0893,1394.0966,1412.7128,1367.7127,-1.1381725232094666,484204400.0
2021-02-05,94.7052,81.09190368652344,6.851600170135497,38.02816901408449,71.83098591549296,11.5913,8.476,1396.1248,1368.8003,1407.3245,1368.6528,-1.8145299256880747,422763400.0
2021-02-08,95.142,81.22750091552734,6.875500202178955,39.906103286384976,73.23943661971832,11.6448,8.476,1371.7543,1382.4816,1395.1449,1367.3272,0.9995103011008958,377175500.0
2021-02-09,99.2368,83.4395980834961,7.137199878692628,49.76525821596244,84.97652582159625,12.1459,8.476,1389.0651,1427.6823,1434.8707,1383.8564,3.2695335691990306,390547800.0
2021-02-10,100.1145,84.17759704589844,7.198800086975098,51.17370892018778,88.26291079812206,12.2534,8.476,1424.7737,1437.0247,1440.2116,1407.6446,0.6543752766284207,408214800.0
2021-02-18,98.318,82.66709899902344,7.222400188446045,52.58215962441314,81.2206572769953,12.0335,8.476,1457.7965,1429.74,1465.6813,1429.0858,-0.5069293520146125,479795400.0
2021-02-19,97.7043,82.07510375976562,7.204800128936768,51.64319248826291,77.93427230046949,11.9584,8.476,1426.101,1427.9066,1430.7221,1404.1475,-0.1282331053198472,433991800.0
2021-02-22,94.1317,78.95269775390625,6.9755001068115225,42.25352112676056,60.56338028169014,11.5211,8.476,1431.5584,1389.9159,1436.8001,1388.5213,-2.660587184063724,545082600.0
2021-02-23,94.9125,79.24659729003906,7.002399921417236,43.661971830985905,62.91079812206573,11.6167,8.476,1371.6265,1390.5265,1401.5101,1370.9097,0.043930715520268296,435875000.0
2021-02-24,92.2889,76.62809753417969,6.854800224304199,38.49765258215962,43.192488262910786,11.2955,8.476,1393.7184,1365.6372,1398.3271,1358.4093,-1.7899191421378915,451393600.0
2021-02-25,91.9359,75.61979675292969,6.78410005569458,35.68075117370892,32.863849765258216,11.2524,8.476,1373.8442,1349.711,1375.6129999999994,1349.711,-1.1662101764656003,490039700.0
2021-02-26,90.2613,71.2217025756836,6.520100116729736,21.12676056338028,15.492957746478872,11.0008,8.476,1319.8902,1325.5865,1344.1548,1319.6485,-1.7873826322820312,474333800.0
2021-03-01,91.7353,72.17160034179688,6.645899772644043,29.57746478873239,17.84037558685446,11.1805,8.476,1339.9939,1358.1412,1359.7201,1337.1925,2.455871419933753,496772100.0
2021-03-02,91.1335,71.6980972290039,6.633800029754639,28.16901408450705,16.431924882629108,11.1071,8.476,1373.0314,1352.0436,1373.6599,1342.8965,-0.44896657284235664,524503200.0
2021-03-03,91.6177,72.0791015625,6.6641998291015625,30.516431924882628,16.901408450704224,11.1662,8.476,1350.0074,1359.3978,1359.7916,1340.3222,0.5439321631343835,449170900.0
2021-03-04,88.5519,69.66709899902344,6.523099899291992,21.596244131455396,10.328638497652582,10.7925,8.476,1358.2833,1324.1584,1362.9943,1322.3375,-2.5922801993647435,524379800.0
2021-03-05,89.4091,70.34149932861328,6.542600154876709,23.47417840375587,12.676056338028168,10.897,8.476,1307.0636,1329.8392,1338.8254,1305.9160000000004,0.42901211818766266,383683400.0
2021-03-08,85.6041,67.34799957275389,6.2906999588012695,11.26760563380282,5.164319248826291,10.4332,8.476,1337.0213,1275.4562,1340.4153,1275.4562,-4.089441791157895,492258800.0
2021-03-09,82.1631,65.09780120849611,6.071800231933594,0.4694835680751174,0.0,10.0535,8.476,1275.3229,1230.1371,1278.3243,1227.182,-3.553167878285445,504023300.0
2021-03-10,82.7797,65.69190216064453,6.114200115203857,1.8779342723004693,0.4694835680751174,10.1105,8.476,1251.183,1232.735,1258.881,1227.4158,0.21118784239577693,371113200.0
2021-03-11,83.9983,67.20610046386719,6.309199810028076,11.737089201877936,3.286384976525821,10.3273,8.476,1241.1033,1267.3009,1273.9619,1227.3324,2.8040008598766204,385533800.0
2021-03-12,83.6893,66.95890045166016,6.283299922943115,10.328638497652582,1.8779342723004693,10.2893,8.476,1268.4422,1261.3246,1269.2061,1251.197,-0.4715770343096922,371622100.0
2021-03-15,83.8479,66.19629669189453,6.130799770355225,2.3474178403755865,0.9389671361502347,8.8294,8.476,1254.6753,1223.3899,1254.6753,1213.4295,-3.007528751916837,347846100.0
2021-03-16,83.98899999999998,66.30770111083984,6.110499858856201,1.4084507042253522,1.4084507042253522,8.8443,8.476,1223.7954,1220.3665,1231.9906,1212.3398,-0.2471329867934835,330411200.0
2021-03-17,85.1864,67.25299835205078,6.193600177764893,5.164319248826291,4.225352112676056,8.9703,8.476,1220.4463,1236.5406,1237.9081,1213.3455,1.3253477541377898,317230000.0
2021-03-18,85.8834,67.80329895019531,6.215400218963622,5.63380281690141,5.63380281690141,9.0437,8.476,1241.5625,1241.31,1251.5595,1237.6167,0.3857050872409612,357296300.0
2021-03-19,84.9844,67.09359741210939,6.15939998626709,3.755868544600939,2.8169014084507045,8.9491,8.476,1226.4137,1231.2922,1242.1309,1221.4186,-0.8070345038708987,397079600.0
2021-03-22,85.694,67.84590148925781,6.224299907684326,6.572769953051642,6.103286384976528,9.0413,8.476,1229.4669,1242.7556,1247.4945,1227.8357,0.9310056540600082,357003000.0
2021-03-23,84.655,67.28130340576172,6.1672000885009775,4.225352112676056,4.694835680751173,8.9485,8.476,1246.361,1236.4736,1257.3752,1232.259,-0.5054895749413582,432768300.0
2021-03-24,81.7761,67.01699829101561,6.083799839019775,0.9389671361502347,2.3474178403755865,8.8712,8.476,1228.6053,1221.4468,1244.4515,1219.5068,-1.215294851422634,386638400.0
2021-03-25,82.0226,67.21900177001953,6.048099994659424,0.0,3.755868544600939,8.8979,8.476,1212.83,1219.7097,1231.9608,1212.3827,-0.1422165910132007,336503200.0
2021-03-26,84.4675,69.4613037109375,6.216000080108643,6.103286384976528,9.389671361502346,9.1861,8.476,1224.6435,1256.6638,1258.1642,1224.6435,3.029745520593951,353423200.0
2021-03-29,84.7603,69.09940338134766,6.254000186920166,7.511737089201878,8.450704225352112,9.2517,8.476,1262.2904,1250.7696,1263.4358,1248.327,-0.4690355527070928,347875200.0
2021-03-30,84.36399999999998,69.09420013427734,6.261199951171875,8.450704225352112,7.981220657276995,9.2423,8.476,1250.2822,1248.3415,1259.2793,1245.0068,-0.1941284789780696,349017600.0
2021-03-31,78.0334,69.22640228271484,6.2632999420166025,8.92018779342723,8.92018779342723,8.7601,8.476,1248.1606,1248.3317,1253.7873,1236.2608,-0.0007850415931891321,355243100.0
2021-04-01,78.9057,70.00029754638672,6.4008002281188965,16.431924882629108,11.26760563380282,8.857999999999997,8.476,1250.9978,1266.7451,1269.8783,1248.9644,1.4750406482507925,425537200.0
2021-04-02,86.0171,78.08589935302734,6.585100173950195,27.230046948356808,56.3380281690141,10.2519,8.476,1276.0341,1299.9198,1302.6173,1274.3807,2.618893098540488,542174600.0
2021-04-06,85.7423,77.8364028930664,6.560699939727782,26.29107981220657,55.399061032863855,10.2192,8.476,1304.6418,1296.6196,1309.9482,1291.9245,-0.2538772007319147,436420500.0
2021-04-07,85.6761,77.77629852294922,6.555699825286865,24.88262910798122,54.460093896713616,10.2113,8.476,1296.8168,1298.7847,1300.7716,1283.1572,0.16698035414549792,413553100.0
2021-04-08,85.0926,77.24659729003906,6.506400108337402,20.187793427230044,49.76525821596244,10.1417,8.476,1293.6405,1291.8566,1305.4275,1287.0123,-0.5334294436945445,476470500.0
2021-04-09,83.4703,76.13140106201172,6.4165000915527335,17.370892018779344,38.49765258215962,9.9538,8.476,1290.3149,1271.4428,1296.8573,1269.9184,-1.5801908663856372,414169200.0
2021-04-12,81.6555,74.49639892578125,6.276700019836426,9.859154929577462,26.760563380281692,9.7397,8.476,1269.0164,1243.4959,1280.0779,1240.4425,-2.198046188157276,440654200.0
2021-04-13,81.6427,74.48470306396484,6.274600028991699,9.389671361502346,26.29107981220657,9.7382,8.476,1242.7579,1241.3979,1259.0362,1239.462,-0.16871788640396454,384952500.0
2021-04-14,82.557,75.31880187988281,6.332399845123291,12.676056338028168,31.92488262910798,9.8473,8.476,1243.2447,1254.7097,1258.1666,1243.2447,1.0723233864017472,352655800.0
2021-04-15,83.1168,75.74469757080078,6.361499786376952,13.145539906103284,34.74178403755869,9.8907,8.476,1250.3591,1264.1578,1266.5767,1245.1786,0.7530108358929432,352538700.0
2021-04-16,82.7764,75.68289947509766,6.379899978637695,14.553990610328635,33.80281690140845,9.9157,8.476,1265.1498,1274.7023,1279.2862,1255.8404,0.8341126400517379,465261600.0
2021-04-19,84.3281,77.04879760742188,6.507599830627441,20.657276995305164,46.478873239436616,10.1016,8.476,1273.0801,1299.0072,1300.5424,1268.9866,1.906711865193943,687466200.0
2021-04-20,83.7739,76.32499694824219,6.461900234222412,18.779342723004685,39.906103286384976,10.0298,8.476,1295.6107,1290.5026,1304.7648,1290.0194,-0.6546999893457082,699243300.0
2021-04-21,83.4286,75.88670349121094,6.432799816131593,17.84037558685446,35.2112676056338,9.9843,8.476,1285.3118,1286.855,1291.5319,1275.6085,-0.2826495661457801,519464100.0
2021-04-22,84.6867,76.9677963256836,6.527299880981445,22.06572769953052,45.07042253521128,10.1177,8.476,1288.5833,1305.1805,1308.3421,1288.5833,1.4240532150086778,498201000.0
2021-04-23,84.6212,77.24359893798828,6.546000003814697,23.943661971830984,49.29577464788733,10.1278,8.476,1303.2925,1311.8272,1318.3006,1300.102,0.5092552332799953,476195500.0
2021-04-26,84.0472,76.59629821777344,6.531400203704834,22.53521126760564,42.72300469483568,10.0645,8.476,1315.5149,1314.9072,1335.4661,1313.0568,0.2347870207295713,623116100.0
2021-04-27,82.3766,77.01809692382812,6.5366997718811035,23.004694835680752,45.539906103286384,9.4137,8.476,1310.6593,1311.9129,1316.2025,1297.266,-0.22771949229573515,505235400.0
2021-04-28,81.9646,74.47840118408203,6.480100154876709,19.718309859154925,25.821596244131456,9.4838,8.476,1318.5481,1324.2358,1326.0059,1304.3314,0.9393077848384516,572829300.0
2021-04-29,82.0428,73.71050262451172,6.4695000648498535,19.24882629107981,20.657276995305164,9.4929,8.476,1320.8884,1324.0547,1337.8502,1312.9405,-0.0136758121174503,551365800.0
2021-04-30,79.1784,72.13390350341797,6.4558000564575195,18.30985915492958,17.370892018779344,9.491,8.476,1319.0079999999996,1322.2396,1327.3675,1313.8254,-0.1370864813968639,606153300.0
2021-05-06,78.4803,71.4979019165039,6.379199981689452,14.084507042253525,15.96244131455399,9.4073,8.476,1321.2138,1310.125,1322.6819,1298.9111,-0.9162182103757981,473064000.0
2021-05-07,75.6877,68.95379638671875,6.168900012969973,4.694835680751173,7.511737089201878,9.0725,8.476,1311.6565,1263.8969,1315.7520000000004,1263.6868,-3.528525904016796,484793700.0
2021-05-10,75.3506,68.64669799804689,6.133299827575684,2.8169014084507045,6.572769953051642,9.0321,8.476,1262.4841,1254.4859,1265.8015,1249.4867,-0.7446018737762596,437978500.0
2021-05-11,75.5536,68.83159637451172,6.150199890136719,3.286384976525821,7.042253521126763,9.0565,8.476,1243.8093,1258.1073,1260.82,1240.2006,0.2886760225842311,436733000.0
2021-05-12,76.8283,69.99289703369139,6.246200084686277,7.042253521126763,10.798122065727696,9.2093,8.476,1254.7379,1270.9074,1273.6855,1251.8105,1.0174092464132556,473930300.0
2021-05-13,76.9395,70.09410095214844,6.257800102233888,7.981220657276995,11.737089201877936,9.2226,8.476,1257.8666,1275.4766,1287.921,1257.8666,0.3595226528699029,502724500.0
2021-05-14,78.1719,69.62069702148439,6.2835001945495605,10.798122065727696,9.859154929577462,9.3703,8.476,1277.9689,1300.5353,1301.3749,1273.9556,1.9646538399842104,506097000.0
2021-05-17,79.845,71.11080169677734,6.40369987487793,16.901408450704224,15.023474178403756,9.5709,8.476,1303.0827,1328.9164,1338.2904,1301.0574,2.1822629497253985,594686400.0
2021-05-18,79.4754,70.78160095214844,6.36899995803833,13.615023474178404,13.145539906103284,9.5266,8.476,1330.4724,1321.6411,1332.3211,1316.3799,-0.5474610743008376,542269000.0
2021-05-19,79.6531,70.9397964477539,6.380300045013428,15.023474178403756,13.615023474178404,9.5479,8.476,1320.6797,1326.1434,1335.2511,1318.1551,0.3406598054494429,766854300.0
2021-05-20,79.7716,71.04540252685547,6.3958001136779785,15.96244131455399,14.553990610328635,9.5621,8.476,1322.0457,1329.7908,1339.9720000000002,1321.0416,0.2750381293606756,686965800.0
2021-05-21,78.8773,70.2489013671875,6.325200080871582,12.206572769953056,12.206572769953056,9.4549,8.476,1334.6006,1315.2065,1341.2782,1314.3974,-1.0967364189916178,626134400.0
2021-05-24,79.7483,71.02459716796875,6.395500183105469,15.492957746478872,14.084507042253525,9.5593,8.476,1314.7921,1330.8721,1333.4194,1304.6401,1.1911133346740637,561298800.0
2021-05-25,82.1856,73.19529724121094,6.577499866485598,26.760563380281692,19.24882629107981,9.8514,8.476,1329.6762,1370.121,1371.5883,1329.6762,2.9491113383472425,624346600.0
2021-05-26,81.6826,72.74729919433594,6.546800136566162,24.41314553990611,18.30985915492958,9.7911,8.476,1371.7814,1364.0368,1375.8099,1360.5891,-0.4440629696209321,615043600.0
2021-05-27,83.6757,74.52239990234375,6.71619987487793,31.92488262910798,27.230046948356808,10.03,8.476,1362.9473,1397.7685,1400.3773,1361.0099,2.472931815329309,832301800.0
2021-05-28,82.5066,73.481201171875,6.618100166320801,27.699530516431928,19.718309859154925,9.8899,8.476,1395.4269,1386.0385,1414.6095,1381.4536,-0.8391947593610668,2156509900.0
2021-05-31,85.6875,76.31410217285156,6.868599891662598,38.96713615023473,39.43661971830985,10.2712,8.476,1398.1925,1442.6682,1442.6682,1398.1925,4.085723448518923,1637629600.0
2021-06-01,86.5967,77.1239013671875,6.979599952697754,42.72300469483568,47.88732394366197,10.3802,8.476,1437.317,1460.5432,1467.9398,1432.9668,1.2390236368972434,1590498200.0
2021-06-02,83.9823,74.79550170898438,6.791800022125244,37.08920187793427,28.638497652582164,10.0668,8.476,1461.7363,1426.8466,1465.1601,1423.4526,-2.3071279233644018,1439587100.0
2021-06-03,83.1975,74.09649658203125,6.7210001945495605,32.3943661971831,23.47417840375587,9.9727,8.476,1425.7959,1414.5342,1438.6404,1410.1209,-0.8629098601068976,1144159600.0
2021-06-04,83.7504,74.58899688720703,6.760600090026856,34.27230046948357,27.699530516431928,10.039,8.476,1406.3145,1431.5220000000006,1445.1442,1405.5064,1.2009465730839084,1000022100.0
2021-06-07,84.0011,74.81220245361328,6.781400203704834,35.2112676056338,29.10798122065729,10.069,8.476,1443.8616,1433.565,1451.3862,1425.1148,0.14271523595167382,1042018200.0
2021-06-08,83.4989,74.36499786376953,6.72599983215332,33.33333333333333,24.41314553990611,10.0088,8.476,1443.7446,1419.0751,1446.3779,1411.2287,-1.0107598888086715,949082600.0
2021-06-09,84.2677,75.04959869384766,6.7779998779296875,34.74178403755869,30.985915492957744,10.101,8.476,1420.3062,1427.321,1442.1619,1417.7675,0.5810756597730375,826421800.0
2021-06-10,85.4865,76.13520050048828,6.8881001472473145,5.0,55.00000000000001,10.2471,8.476,1427.8708,1450.4038,1455.8284,1426.4914,1.6172115452655806,1010267400.0
2021-06-11,85.0958,75.78710174560547,6.862100124359131,0.0,40.0,10.2003,8.476,1453.5999,1436.2754,1455.6558,1433.0607,-0.974101143419512,1068327300.0
2021-06-15,79.9573,70.79100036621094,7.3755998611450195,15.0,5.0,10.4585,8.476,1442.0868,1448.2004,1467.4683,1435.0533,0.8302725229437165,1007106400.0
2021-06-16,77.7833,68.86620330810547,7.2125000953674325,10.0,0.0,10.1742,8.476,1452.9459,1406.4701,1454.9208,1404.6889999999999,-2.8815279984731363,853938700.0
2021-06-17,81.8169,72.4374008178711,7.565299987792969,20.0,10.0,10.7018,8.476,1409.0464,1473.5119,1477.049,1409.0464,4.76667083075566,1190865400.0
2021-06-18,82.883,73.38130187988281,7.643799781799316,25.0,15.0,10.8412,8.476,1475.2089,1494.7009,1499.8239,1474.6843,1.4379931373475896,1006107400.0
2021-06-21,84.6146,74.91439819335938,7.78380012512207,45.0,30.0,11.0677,8.476,1485.66,1528.1267,1529.2843,1482.4864,2.2362868718417164,1021950500.0
2021-06-22,84.4155,74.73809814453125,7.758800029754639,40.0,25.0,11.0417,8.476,1531.5201,1523.3628,1534.4254,1506.3066,-0.3117477104483497,1970793800.0
2021-06-23,85.0199,75.27320098876953,7.880799770355225,70.0,35.0,11.1207,8.476,1530.6356,1534.3008,1551.9191,1516.6888,0.7180167455841691,1603483300.0
2021-06-24,83.6527,74.06279754638672,7.711599826812744,35.0,20.0,10.9419,8.476,1531.2377,1504.8079,1537.5767,1496.9428,-1.9222371519326569,1407009300.0
2021-06-25,85.7485,75.91829681396484,7.894700050354004,75.0,45.0,11.216,8.476,1505.2867,1534.8494,1536.504,1502.8909,1.9963677755811915,1085445200.0
2021-06-28,87.0415,77.06300354003906,8.004400253295897,90.0,65.0,11.3851,8.476,1538.0184,1562.9795,1579.2213,1536.7115,1.8327596179794483,1095257200.0
2021-06-29,87.0655,77.08429718017578,7.998899936676025,85.0,70.0,11.3883,8.476,1567.8825,1562.0783,1576.8712,1546.6782,-0.05765910557368265,1039039200.0
2021-06-30,88.7306,78.55850219726562,8.139100074768066,100.0,95.0,11.6061,8.476,1564.3164,1588.2167,1603.3523,1558.9567,1.673309206075012,1153499100.0
2021-07-01,88.4895,78.34500122070312,8.079500198364258,95.0,85.0,11.5745,8.476,1587.5273,1579.8041,1594.1122,1569.9003,-0.5296884235003878,1041176900.0
2021-07-02,85.9,76.05239868164062,7.825600147247314,55.00000000000001,50.0,11.2358,8.476,1563.8279,1538.1577,1564.8776,1527.1960000000001,-2.63617495359077,951421200.0
2021-07-05,88.5179,78.37020111083984,7.8684000968933105,65.0,90.0,11.5783,8.476,1545.6784,1575.8944,1581.0663,1545.6784,2.4533700283137367,980606200.0
2021-07-06,86.34,76.44200134277344,7.647900104522705,30.0,60.0,11.2934,8.476,1580.2838,1532.7917,1584.6855,1510.7134,-2.7351261607376687,1107075400.0
2021-07-07,88.2905,78.16889953613281,7.820499897003174,50.0,75.0,11.5485,8.476,1523.8271,1570.0279999999998,1573.1517,1519.4098,2.4293124760526843,1033986100.0
2021-07-08,90.0246,79.7042007446289,7.958799839019775,80.0,100.0,11.7753,8.476,1577.4971,1610.7749,1616.7019,1577.4094,2.5952976634811527,1173478800.0
2021-07-09,88.4487,78.30889892578125,7.851099967956543,60.0,80.0,11.5692,8.476,1598.2811,1583.7142,1602.0001,1556.5771,-1.6799802380829252,1014781800.0
2021-07-12,88.6918,78.52420043945312,7.902400016784668,92.85714285714286,85.71428571428571,11.601,8.476,1593.5735,1601.6058,1611.5968,1576.7171,1.1297240373294724,1053846300.0
2021-07-13,88.4239,78.28700256347656,7.822299957275391,78.57142857142857,78.57142857142857,11.566,8.476,1602.1191,1590.9772,1621.714,1573.7824,-0.6636214728992619,1111153600.0
2021-07-14,87.0073,77.03279876708984,7.710400104522705,71.42857142857143,28.57142857142857,11.3807,8.476,1579.0331,1556.7196,1585.6033,1556.6854,-2.153242673747942,919854600.0
2021-07-15,87.4183,77.39669799804688,7.665500164031982,50.0,57.14285714285714,11.4344,8.476,1549.277,1560.7038,1567.2733,1536.895,0.25593562257455366,937689400.0
2021-07-16,85.6562,75.83660125732422,7.508500099182129,14.285714285714285,21.428571428571427,11.2039,8.476,1568.1706,1525.2341,1569.2475,1523.6395,-2.2726733926065985,950971200.0
2021-07-19,84.688,74.97930145263672,7.414000034332275,0.0,0.0,11.0773,8.476,1514.8295,1514.1808,1530.5864,1503.1132,-0.7246953107067177,852647500.0
2021-07-20,85.0447,75.29509735107422,7.433499813079834,7.142857142857142,7.142857142857142,11.124,8.476,1505.0779,1522.6265,1529.266,1501.9213,0.557773549895758,790702900.0
2021-07-21,87.3676,77.35179901123047,7.619200229644775,42.857142857142854,50.0,11.4278,8.476,1528.5975,1565.6381,1576.7745,1527.6022,2.824829332735232,916491200.0
2021-07-22,88.2496,78.13259887695312,7.688199996948242,64.28571428571429,71.42857142857143,11.5432,8.476,1570.4877,1582.1315,1584.3174,1549.447,1.053461844087728,1235706300.0
2021-07-23,87.1074,77.12139892578125,7.577600002288818,28.57142857142857,35.714285714285715,11.3938,8.476,1593.3136,1563.4901,1593.7044,1548.3876,-1.178245929620893,1148840100.0
2021-07-26,87.3503,77.3364028930664,7.618100166320801,35.714285714285715,42.857142857142854,11.4255,8.476,1559.8363,1556.979,1566.676,1496.651,-0.41644651283688605,1262843500.0
2021-07-27,87.8996,77.82270050048828,7.676700115203857,57.14285714285714,64.28571428571429,11.4974,8.476,1556.9327,1545.2893,1627.848,1541.3577,-0.7507936844363431,1859824800.0
2021-07-28,85.4976,75.69609832763672,7.526899814605713,21.428571428571427,14.285714285714285,11.1832,8.476,1532.4201,1518.7027,1555.246,1476.5899,-1.7204933729884666,1361485400.0
2021-07-29,89.7936,79.49970245361328,7.875699996948242,85.71428571428571,92.85714285714286,11.7451,8.476,1554.1336,1588.4653,1598.3409,1545.1058,4.593565284370668,1281165500.0
2021-07-30,90.5377,79.93299865722656,7.934999942779541,100.0,100.0,11.8425,8.476,1582.5752,1591.2189,1608.9628,1570.4464,0.1733497105665453,1528093000.0
