date,PE,PE_TTM,PB_LF,VAL_PB_PERCENTILE,VAL_PE_PERCENTILE,PS,ROE_TTM,OPEN,CLOSE,HIGH,LOW,PCT_CHG,VOLUME
2019-04-25,116.9107,99.50270080566406,3.8341999053955083,29.902912621359224,99.80582524271846,2.3373,12.9562,,910.0572,,,-4.132513826698919,1752419476.0000002
2019-04-26,120.6382,99.32949829101562,3.8271999359130864,29.514563106796107,99.6116504854369,2.3301,12.9562,,906.1875,,,-0.4252150304398412,1356140013.0
2019-04-29,104.4135,106.40769958496094,3.6405000686645512,26.89320388349515,100.0,2.1087,12.9562,,860.5678,,,-5.034245120353124,1115494317.0
2019-04-30,101.4195,49.09709930419922,3.5494000911712646,22.718446601941746,94.75728155339806,2.0277,12.9562,,853.9099,,,-0.773663620693226,880857242.0
2019-05-06,91.4482,44.27000045776367,3.200400114059448,1.9417475728155336,71.84466019417476,1.8283,12.9562,,770.2652,,,-9.795494817427453,992911279.0
2019-05-07,91.3377,44.21649932861328,3.196500062942505,1.7475728155339807,71.45631067961166,1.8261,12.9562,,769.545,,,-0.09350026458420953,926040730.0
2019-05-08,90.6899,43.90290069580078,3.1738998889923096,1.1650485436893203,68.73786407766991,1.8131,12.9562,,763.1718,,,-0.8281776894138742,817420164.0
2019-05-09,89.7264,43.436500549316406,3.1401000022888184,0.3883495145631068,61.844660194174786,1.7939,12.9562,,755.3906,,,-1.019586939664177,665451068.0
2019-05-10,95.0709,46.02379989624024,3.3271999359130864,8.155339805825243,85.8252427184466,1.9007,12.9562,,796.6258,,,5.458791782688332,1136890698.0
2019-05-13,93.0048,45.02360153198242,3.255100011825561,3.689320388349514,79.61165048543691,1.8594,12.9562,,777.8287,,,-2.359589659285452,858299726.0
2019-05-14,92.4317,44.74610137939453,3.234999895095825,3.1067961165048543,76.50485436893204,1.848,12.9562,,772.778,,,-0.6493332015133931,944022670.0
2019-05-15,94.0751,45.54169845581055,3.29259991645813,5.242718446601941,84.07766990291263,1.8808,12.9562,,786.7837,,,1.8123833753031184,920500919.0
2019-05-16,92.9631,45.00339889526367,3.252700090408325,3.4951456310679614,79.41747572815535,1.8586,12.9562,,778.9224,,,-0.9991691490304024,854875019.0
2019-05-17,89.6638,43.40620040893555,3.137200117111206,0.1941747572815534,61.35922330097088,1.7926,12.9562,,752.0899,,,-3.4448232583887815,935561127.0
2019-05-20,90.2752,43.70220184326172,3.1586000919342037,0.7766990291262136,66.60194174757281,1.8048,12.9562,,760.1544,,,1.0722787262533464,939110223.0
2019-05-21,92.6495,44.851600646972656,3.2432000637054443,3.3009708737864085,77.86407766990291,1.8523,12.9562,,777.6123,,,2.2966255276559595,996075762.0
2019-05-22,93.2563,45.145301818847656,3.264400005340576,3.883495145631069,80.38834951456309,1.8644,12.9562,,782.4508,,,0.6222252400071288,1024864400.0
2019-05-23,89.8578,43.500099182128906,3.145400047302246,0.5825242718446602,63.10679611650486,1.7965,12.9562,,754.5856,,,-3.5612718397118344,835966776.0
2019-05-24,88.6813,42.93059921264648,3.1043000221252437,0.0,53.39805825242718,1.7730000000000001,12.9562,,742.5281,,,-1.5978969118944233,555176173.0
2019-05-27,92.0369,44.55500030517578,3.22189998626709,2.524271844660194,74.1747572815534,1.8401,12.9562,,770.7452,,,3.800139011574102,722368957.0
2019-05-28,91.7788,44.43000030517578,3.2128000259399414,2.3300970873786406,72.23300970873788,1.8349,12.9562,,767.4698,,,-0.42496534522692986,676619811.0
2019-05-29,91.6974,44.39070129394531,3.2105998992919917,2.135922330097088,72.03883495145631,1.8333,12.9562,,766.4398,,,-0.1342072352553772,562255760.0
2019-05-30,90.2401,43.68519973754883,3.159600019454956,0.9708737864077668,66.2135922330097,1.8041,12.9562,,754.5110000000003,,,-1.5563909911776534,641240374.0
2019-05-31,90.9058,44.00740051269531,3.1884000301361084,1.5533980582524272,69.70873786407768,1.8175,12.9562,,757.8827,,,0.4468722125986279,777495838.0
2019-06-03,93.4177,45.2234992980957,3.27649998664856,4.466019417475729,81.35922330097088,1.8677,12.9562,,775.6783,,,2.348067847438665,1136408102.0
2019-06-04,94.6817,45.83539962768555,3.3220999240875244,7.572815533980582,85.24271844660194,1.8929,12.9562,,785.0266,,,1.2051774556539734,1213940150.0
2019-06-05,97.15,47.03030014038086,3.408699989318848,12.233009708737864,89.70873786407768,1.9423,12.9562,,801.7196,,,2.126424760638682,1193382148.0
2019-06-06,91.9847,44.529701232910156,3.2274999618530287,2.9126213592233015,73.39805825242719,1.839,12.9562,,762.9656,,,-4.8338596187495,967767094.0
2019-06-10,94.8454,45.91460037231445,3.327899932861328,8.54368932038835,85.63106796116507,1.8962,12.9562,,784.3381,,,2.80124031804318,808276582.0
2019-06-11,96.9662,46.94129943847656,3.4030001163482666,11.456310679611649,88.93203883495146,1.9386,12.9562,,801.4456,,,2.1811384656693282,1117199196.0
2019-06-12,97.0822,46.99739837646485,3.40720009803772,11.844660194174757,89.32038834951456,1.9409,12.9562,,804.9780000000003,,,0.4407535583201079,1199112782.0
2019-06-13,96.3858,46.6603012084961,3.3828001022338867,10.29126213592233,87.76699029126213,1.9269999999999998,12.9562,,799.4831,,,-0.6826149286067341,868174383.0
2019-06-14,93.5796,45.30179977416992,3.2848999500274663,4.660194174757281,82.91262135922331,1.8709,12.9562,,777.3867,,,-2.7638357833955483,818402585.0
2019-06-17,85.2613,43.16949844360352,3.3080999851226807,6.407766990291263,57.28155339805825,1.8799,12.9562,,774.1253,,,-0.4195338047332146,489698053.0
2019-06-18,85.4056,43.24259948730469,3.3138999938964844,7.184466019417473,58.64077669902913,1.883,12.9562,,776.0921,,,0.2540673970996583,541389450.0
2019-06-19,86.9367,44.017799377441406,3.3733000755310063,9.611650485436893,70.29126213592232,1.9168,12.9562,,787.4955,,,1.4693359203115242,842354647.0000001
2019-06-20,88.3564,44.73659896850586,3.428400039672852,13.980582524271846,76.11650485436894,1.9481,12.9562,,798.2409,,,1.3645030352554424,875761951.0
2019-06-21,89.4223,45.27629852294922,3.472599983215332,17.0873786407767,82.33009708737866,1.9716,12.9562,,808.5507,,,1.2915649899673138,910232895.0
2019-06-24,88.3584,44.73759841918945,3.431299924850464,14.368932038834947,76.31067961165049,1.9481,12.9562,,799.0286,,,-1.177675067253052,642959276.0
2019-06-25,87.8521,44.481300354003906,3.4117000102996826,12.427184466019414,72.81553398058253,1.9369999999999998,12.9562,,791.8104,,,-0.9033719193530776,636254995.0
2019-06-26,87.9671,44.53950119018555,3.416199922561645,12.621359223300967,73.98058252427184,1.9395,12.9562,,793.9539,,,0.2707087454269377,648241095.0
2019-06-27,90.5026,45.82329940795898,3.5146000385284424,20.58252427184466,85.04854368932037,1.9954,12.9562,,815.658,,,2.733672572173276,1006270699.0
2019-06-28,88.8668,44.99499893188477,3.4521999359130864,15.145631067961164,79.2233009708738,1.9594,12.9562,,800.4396,,,-1.8657819821542816,692829660.0
2019-07-01,92.1341,46.64929962158203,3.580399990081787,24.66019417475729,87.5728155339806,2.0314,12.9562,,828.6859,,,3.5288483978053935,1008311244.0
2019-07-02,92.0125,46.58779907226562,3.5694000720977783,24.07766990291262,87.37864077669903,2.0287,12.9562,,825.5997,,,-0.3724209619108956,724017754.0
2019-07-03,90.3239,45.7327995300293,3.505300045013428,20.0,84.66019417475728,1.9915,12.9562,,812.173,,,-1.6262966180825869,612987021.0
2019-07-04,89.5494,45.3406982421875,3.475300073623657,17.281553398058254,83.10679611650484,1.9744,12.9562,,805.9986,,,-0.7602321180339646,475590707.0
2019-07-05,89.6146,45.37369918823242,3.477799892425537,17.475728155339805,83.3009708737864,1.9758,12.9562,,805.7641,,,-0.029094343340053626,367650480.0
2019-07-08,85.6963,43.38980102539063,3.325700044631958,7.9611650485436884,60.77669902912621,1.8895,12.9562,,768.9554,,,-4.5681732407785285,586655826.0
2019-07-09,85.7461,43.415000915527344,3.3282999992370605,8.737864077669903,61.55339805825243,1.8906,12.9562,,769.1449,,,0.02464382199539176,406877034.0
2019-07-10,85.7108,43.39709854125977,3.3273999691009517,8.349514563106796,60.970873786407786,1.8898,12.9562,,767.3066,,,-0.2390056802040817,339536384.0
2019-07-11,85.3049,43.19160079956055,3.3117001056671143,6.601941747572818,57.8640776699029,1.8808,12.9562,,765.4978,,,-0.2357336689140976,394099281.0
2019-07-12,85.2998,43.18899917602539,3.323499917984009,7.766990291262134,57.66990291262135,1.8807,12.9562,,764.8501,,,-0.08461160828940151,352458576.0
2019-07-15,86.4052,43.74869918823242,3.3668999671936035,8.932038834951458,67.37864077669903,1.9051,12.9562,,771.4206,,,0.8590572191858298,576776854.0
2019-07-16,87.2385,44.17060089111328,3.3898999691009517,10.679611650485436,71.26213592233009,1.9235,12.9562,,780.0185,,,1.1145541096517229,555072439.0
2019-07-17,87.0117,44.05580139160156,3.381099939346313,10.097087378640776,70.67961165048544,1.9185,12.9562,,778.6363,,,-0.17720092536266915,425365741.0
2019-07-18,84.8034,42.93769836425781,3.2969999313354488,5.922330097087379,53.78640776699029,1.8698,12.9562,,761.1108,,,-2.2507941127327307,451382142.0
2019-07-19,84.7017,42.88619995117188,3.2936000823974614,5.436893203883495,53.20388349514563,1.8675,12.9562,,761.7856,,,0.08865989025513825,356173210.0
2019-07-22,82.8776,41.96260070800781,3.222599983215332,2.718446601941748,45.43689320388349,1.8273,12.9562,,741.8257,,,-2.620146665938561,442212743.0
2019-07-23,84.5504,42.80960083007813,3.2876999378204346,4.854368932038835,52.81553398058254,1.8642,12.9562,,758.5136,,,2.2495715637783933,420867770.0
2019-07-24,86.8875,43.99290084838867,3.3785998821258545,9.902912621359224,69.32038834951456,1.9157,12.9562,,778.3366,,,2.6134007353328905,647959526.0
2019-07-25,88.1528,44.65999984741211,3.4270000457763667,13.78640776699029,75.14563106796116,1.9436,12.9562,,789.7668,,,1.468542016397535,658704324.0
2019-07-26,88.3825,44.77640151977539,3.440000057220459,14.757281553398053,76.6990291262136,1.9487,12.9562,,791.0901,,,0.1675557898863332,465243670.0
2019-07-29,88.9436,45.06069946289063,3.461800098419189,16.116504854368934,80.0,1.9611,12.9562,,797.1173,,,0.7618854034451946,483404761.00000006
2019-07-30,89.2051,45.19309997558594,3.4719998836517334,16.893203883495143,80.97087378640776,1.9668,12.9562,,797.4373,,,0.040144656250723706,483925106.0
2019-07-31,89.5462,45.167701721191406,3.4835999011993413,18.25242718446602,80.58252427184465,1.9743,12.9562,,802.273,,,0.6064050427538283,553141123.0
2019-08-01,89.6597,45.224998474121094,3.48799991607666,18.446601941747574,81.55339805825244,1.9768,12.9562,,804.3138,,,0.2543772506366275,517260818.0
2019-08-02,87.1867,43.97760009765625,3.3917999267578125,10.87378640776699,69.12621359223301,1.9223,12.9562,,785.5115,,,-2.3376821335155578,646200621.0
2019-08-05,86.6795,43.72169876098633,3.372100114822388,9.320388349514564,66.79611650485437,1.9111,12.9562,,780.8246,,,-0.5966685401804969,591160659.0
2019-08-06,85.3889,43.070701599121094,3.3131999969482417,6.7961165048543695,57.0873786407767,1.8827,12.9562,,767.8815,,,-1.6576193936512849,767519039.0
2019-08-07,84.2643,42.503501892089844,3.2695000171661377,4.077669902912621,49.90291262135923,1.8579,12.9562,,756.4893,,,-1.4835882880366311,560439052.0
2019-08-08,84.9576,42.762001037597656,3.295099973678589,5.631067961165048,51.84466019417475,1.8732,12.9562,,763.7152,,,0.9551886589803747,510234057.0
2019-08-09,81.9544,41.25040054321289,3.1786000728607178,1.3592233009708738,41.74757281553398,1.807,12.9562,,742.9954,,,-2.713027055111639,753090062.0
2019-08-12,85.0069,42.78680038452149,3.2969999313354488,5.922330097087379,52.62135922330097,1.8743,12.9562,,771.8218,,,3.87975484101248,602523878.0
2019-08-13,84.5044,42.491600036621094,3.2760999202728267,4.271844660194175,49.70873786407768,1.8632,12.9562,,769.6787,,,-0.2776677207096255,581227726.0
2019-08-14,84.9229,42.70199966430664,3.29229998588562,5.048543689320388,51.45631067961165,1.8724,12.9562,,772.0501,,,0.30810258878152585,695671095.0
2019-08-15,85.6098,42.95709991455078,3.3152999877929688,7.378640776699027,54.36893203883496,1.8875,12.9562,,783.0037,,,1.4187680307275314,696699884.0
2019-08-16,85.5577,42.930999755859375,3.313699960708618,6.990291262135923,53.592233009708735,1.8864,12.9562,,783.6805,,,0.08643637316146413,699380171.0
2019-08-19,89.5832,44.95090103149414,3.469500064849853,16.50485436893204,78.25242718446603,1.9752,12.9562,799.178,817.784,823.7167,796.0363,4.351709657188094,1010113465.0
2019-08-20,89.5882,44.9817008972168,3.46970009803772,16.699029126213592,78.44660194174756,1.9753,12.9562,820.7080000000003,817.4017,828.7676,815.1972,-0.0467482856108687,780861481.0
2019-08-21,89.7639,45.119300842285156,3.4814999103546143,17.864077669902915,80.19417475728156,1.9791,12.9562,815.6182,818.7629,825.0427,810.7102,0.1665276693209642,720462912.0
2019-08-22,89.2398,44.63970184326172,3.460099935531616,15.92233009708738,74.9514563106796,1.9676,12.9562,819.628,815.2871,822.7638,807.3393,-0.4245185022428271,734311995.0
2019-08-23,88.1285,44.1260986328125,3.41729998588562,13.009708737864079,71.06796116504856,1.9431,12.9562,815.1635,806.5552,818.5813,801.052,-1.0710214843335553,665244267.0
2019-08-26,87.0605,43.7421989440918,3.3733000755310063,9.611650485436893,67.18446601941747,1.9195,12.9562,784.459,798.6708,800.1457,783.8094,-0.9775400369373388,636735197.0
2019-08-27,88.7557,44.779598236083984,3.437599897384644,14.563106796116505,76.89320388349516,1.9569,12.9562,804.5489,812.2081,818.648,802.513,1.6949787071218778,762724430.0
2019-08-28,88.7868,36.83039855957031,3.4247000217437744,13.592233009708734,17.281553398058254,1.9576,12.9562,812.7529,812.3626,817.82,806.778,0.019022218566904003,864028421.0000001
2019-08-29,88.0003,36.902000427246094,3.3673000335693364,9.12621359223301,18.05825242718447,1.9403,12.9562,812.6160000000001,806.2417,814.3753,805.6323,-0.7534689558578898,879303250.0
2019-08-30,86.1896,36.13750076293945,3.3008999824523926,6.2135922330097095,15.145631067961164,1.9003,12.9562,811.8813,790.2444,814.2407,785.3462,-1.9841816666143657,912146489.0
2019-09-02,88.6548,38.24679946899414,3.3947999477386475,11.262135922330096,22.718446601941746,1.9547,12.9562,788.7919,814.8783,815.7247,788.7919,3.117250815064292,796852876.0
2019-09-03,91.1419,39.319801330566406,3.4900999069213867,18.640776699029125,28.737864077669894,2.0095,12.9562,818.2927,839.3459,839.3459,817.5822,3.002607874083782,1152171632.0
2019-09-04,91.4277,39.44309997558594,3.500999927520752,19.80582524271845,29.12621359223301,2.0158,12.9562,837.5719,843.6282,846.4474,831.6081,0.5101949029595503,1005735813.0
2019-09-05,94.0829,40.588600158691406,3.6026999950408936,25.43689320388349,36.89320388349515,2.0744,12.9562,852.6777,864.5757,882.5767,848.7839,2.483025105135176,1433849052.0
2019-09-06,98.0735,42.31019973754883,3.755500078201294,28.155339805825246,48.349514563106794,2.1624,12.9562,875.0618,892.0062,907.3693,875.0181,3.1727123489591538,1561517068.0
2019-09-09,103.2208,44.530799865722656,3.9526000022888175,31.65048543689321,73.59223300970874,2.2758,12.9562,900.0814,932.3282,932.3282,893.8814,4.520372167816771,1572892028.0
2019-09-10,101.4598,43.77109909057617,3.885200023651123,31.067961165048537,67.76699029126215,2.237,12.9562,932.3122,912.4624,933.2152,903.5429,-2.130773262033696,1329722411.0
2019-09-11,99.3178,42.846900939941406,3.803100109100342,28.737864077669894,53.009708737864074,2.1898,12.9562,915.512,896.6272,917.0512,894.3757,-1.7354358930296732,927184504.0
2019-09-12,100.1655,43.21269989013672,3.8355998992919917,30.097087378640776,58.058252427184456,2.2085,12.9562,901.5417,904.7141,906.7586,893.9179,0.9019244564519138,786991131.0
2019-09-16,100.1922,43.22420120239258,3.8366000652313232,30.291262135922327,58.44660194174758,2.2091,12.9562,908.2922,907.8602,914.7156,898.1604,0.3477452158643192,865950184.0
2019-09-17,97.5272,42.074501037597656,3.734600067138672,27.96116504854369,46.2135922330097,2.1503,12.9562,902.8607,882.4894,902.8607,871.4292,-2.79457123464603,956761901.0
2019-09-18,97.31,41.98080062866211,3.7262001037597656,27.57281553398058,45.63106796116504,2.1455,12.9562,884.6006,881.7372,889.692,877.4294,-0.08523615127841945,736148471.0
2019-09-19,99.7292,43.02450180053711,3.8189001083374015,28.93203883495145,55.72815533980583,2.1989,12.9562,884.9517,904.3647,904.4389,884.2021,2.5662408254976588,836985214.0
2019-09-20,99.1278,42.76499938964844,3.7959001064300537,28.54368932038835,52.23300970873787,2.1856,12.9562,909.6510000000001,900.8169,911.5522,898.0158,-0.39229748794926855,799867039.0
2019-09-23,98.9202,42.67539978027344,3.7878999710083012,28.349514563106798,51.067961165048544,2.181,12.9562,897.3377,903.4633,903.4633,883.7889,0.2937777921351133,794343450.0
2019-09-24,100.8019,43.48720169067383,3.859999895095825,30.67961165048544,62.52427184466021,2.2225,12.9562,905.0214,919.5377,926.5919,904.2623,1.779197893262512,1087791576.0
2019-09-25,97.3773,42.00979995727539,3.728800058364868,27.766990291262132,46.01941747572816,2.147,12.9562,910.7472,886.5844,911.9385,886.2708,-3.5836812346029987,1018937853.0
2019-09-26,93.2777,40.2411994934082,3.5717999935150133,24.466019417475728,34.95145631067961,2.0566,12.9562,887.8124,849.8437,889.9481,849.8437,-4.14407246506931,948077723.0
2019-09-27,94.4357,40.74079895019531,3.615299940109253,26.019417475728158,37.864077669902905,2.0821,12.9562,849.1084,860.7442,869.9551,849.1084,1.2826476209684163,587052817.0
2019-09-30,92.62799999999999,39.960899353027344,3.5460999011993413,22.330097087378643,32.03883495145632,2.0423,12.9562,859.8673,847.515,866.1683,845.5002,-1.5369490726745518,485133837.0
2019-10-08,91.7779,39.594200134277344,3.513499975204468,20.38834951456311,30.67961165048544,2.0235,12.9562,848.8638,837.4271,857.8775,835.988,-1.1902916172575106,470184996.0
2019-10-09,92.9096,40.08240127563477,3.5548999309539795,23.10679611650485,33.98058252427185,2.0485,12.9562,832.0215,848.2207,848.2207,822.3245,1.2889002517353414,449691074.0
2019-10-10,95.0933,41.02450180053711,3.635200023651123,26.601941747572816,40.0,2.0966,12.9562,851.7762,869.5746,870.9096,849.6585,2.5174933835026736,609866315.0
2019-10-11,94.3692,40.712100982666016,3.607500076293945,25.63106796116505,37.66990291262136,2.0807,12.9562,870.0938,861.8566,870.3847,854.2059,-0.8875604232230421,553938525.0
2019-10-14,95.825,41.3400993347168,3.663100004196167,27.378640776699033,42.33009708737864,2.1128,12.9562,873.8725,876.1265,880.7058,871.5475,1.6557162757702388,659464570.0
2019-10-15,93.3954,40.29199981689453,3.5701999664306636,24.271844660194176,35.33980582524272,2.0592,12.9562,869.7074,855.9867,869.7599,855.4884,-2.2987319753482995,540812142.0
2019-10-16,92.8293,40.05659866333008,3.54830002784729,22.52427184466019,33.20388349514563,2.0467,12.9562,860.3206,849.5543,862.9817,848.9275,-0.7514602738570622,522523032.0
2019-10-17,92.7358,40.016300201416016,3.5446999073028564,22.135922330097085,32.62135922330097,2.0447,12.9562,850.1351,848.2359,856.0894,846.4048,-0.15518725524666252,417562812.0
2019-10-18,92.3491,39.84939956665039,3.529900074005127,21.35922330097087,31.65048543689321,2.0361,12.9562,850.6897,841.8761,860.1569999999997,839.4997,-0.7497678417053633,525916797.0
2019-10-21,91.4432,39.45849990844727,3.4953000545501722,19.22330097087379,29.32038834951457,2.0162,12.9562,840.16,835.4426,840.2823,820.7753,-0.7641860839142459,441991296.0
2019-10-22,92.7259,40.05179977416992,3.5441999435424805,21.941747572815533,33.00970873786408,2.0444,12.9562,837.8849,848.8704,848.8704,837.076,1.6072678122949495,428119329.0
2019-10-23,92.2342,39.83940124511719,3.525399923324585,20.97087378640777,31.45631067961165,2.0336,12.9562,847.7773,841.8845,851.1351,840.3322,-0.8229642593262781,451041068.0
2019-10-24,91.6181,39.525001525878906,3.4911000728607178,18.83495145631068,29.902912621359224,2.02,12.9562,838.0913,837.3661,841.7564,828.8095,-0.5367006994427433,405317639.0
2019-10-25,93.0643,40.12089920043945,3.5439999103546143,21.74757281553398,34.1747572815534,2.0519,12.9562,834.3072,849.0409,850.5032,827.4273,1.3942288802950114,584156853.0
2019-10-28,95.0081,40.90409851074219,3.6101999282836914,25.825242718446606,39.02912621359224,2.0948,12.9562,853.4801,868.9724,869.6682,853.4801,2.3475311966714485,741975693.0
2019-10-29,93.3971,34.790599822998054,3.481800079345703,18.05825242718447,10.679611650485436,2.0592,12.9562,866.053,850.9061,866.5527,850.9061,-2.079041866001723,783603994.0
2019-10-30,92.3844,34.933799743652344,3.4195001125335693,13.203883495145636,11.262135922330096,2.0369,12.9562,844.693,841.1418,852.6622,835.0494,-1.1475179223653524,517478260.0
2019-10-31,92.7141,36.70230102539063,3.416899919509888,12.815533980582526,16.893203883495143,2.0442,12.9562,843.807,841.6673,850.7817,840.8886,0.06247460297419121,548086636.0
2019-11-01,93.8413,37.14849853515625,3.4584999084472656,15.728155339805825,19.22330097087379,2.069,12.9562,839.9835,851.8392,852.9051,837.5869,1.2085416648597431,609223225.0
2019-11-04,95.1904,37.68259811401367,3.641799926757813,27.18446601941748,21.16504854368932,2.0988,12.9562,855.2513,865.7216,876.1827,855.1109,1.6296972480252094,725567217.0
2019-11-05,94.9962,37.6057014465332,3.634299993515015,26.40776699029127,20.77669902912621,2.0945,12.9562,865.7967,865.8411,867.35,855.0068,0.013803513739291751,521060757.0
2019-11-06,93.2816,36.92699813842773,3.568700075149536,23.883495145631066,18.25242718446602,2.0567,12.9562,864.1489999999999,852.8624,866.5973,849.436,-1.4989701921056882,582166880.0
2019-11-07,93.8373,37.14699935913086,3.5899999141693115,25.048543689320393,19.02912621359223,2.069,12.9562,853.047,858.1417,861.3821,850.4638,0.6190095846645408,476051126.0
2019-11-08,93.8326,37.14509963989258,3.5897998809814453,24.85436893203884,18.83495145631068,2.0688,12.9562,863.1438,860.7112,873.6728,860.2785,0.29942607380575353,605641095.0
2019-11-11,91.7659,36.32699966430664,3.5106999874114986,20.19417475728155,15.728155339805825,2.0233,12.9562,853.4580000000003,841.5228,853.4580000000003,838.9777,-2.2293656687632275,561380509.0
2019-11-12,91.43799999999999,36.19720077514648,3.498199939727783,19.61165048543689,15.533980582524268,2.0161,12.9562,840.4791,837.1701,843.1054,822.0834,-0.5172408875909142,599959292.0
2019-11-13,91.2789,36.13420104980469,3.4921000003814697,19.02912621359223,14.951456310679612,2.0125,12.9562,834.0724,836.7312,840.7707,826.7176,-0.05242662154323277,433693172.0
2019-11-14,92.3569,36.5609016418457,3.533400058746338,21.553398058252426,16.699029126213592,2.0363,12.9562,836.1663,847.8461,851.1084,834.2068,1.3283716443225777,535561282.0
2019-11-15,90.3295,35.75830078125,3.4558000564575195,15.533980582524268,13.78640776699029,1.9916,12.9562,846.1022,832.1583,847.6959,832.1583,-1.8503122205787024,605860868.0
2019-11-18,90.9759,36.014198303222656,3.4804999828338623,17.66990291262136,14.563106796116505,2.0059,12.9562,829.5438,838.9172,841.3217,829.0712,0.8122132531754986,489316209.0
2019-11-19,93.0711,36.84370040893555,3.560699939727783,23.495145631067963,17.66990291262136,2.0521,12.9562,836.7446,856.9342,856.9542,835.1787,2.1476493746939567,648645515.0
2019-11-20,91.9114,36.38460159301758,3.5162999629974365,20.77669902912621,16.116504854368934,2.0265,12.9562,856.6255,846.9367,860.2993,845.9455,-1.1666590036901383,553433490.0
2019-11-21,91.4169,36.18880081176758,3.497400045394897,19.41747572815534,15.33980582524272,2.0156,12.9562,841.6855,843.6332,847.9436,837.7762,-0.3900527630931551,562042432.0
2019-11-22,90.4913,35.8223991394043,3.461999893188477,16.310679611650485,13.980582524271846,1.9952,12.9562,843.9245,832.795,857.0793,827.7005,-1.2847052486791688,763635877.0
2019-11-25,88.6968,35.11199951171875,3.3933000564575195,11.067961165048542,11.650485436893206,1.9556,12.9562,829.7534,815.3842,830.3787,812.0369999999997,-2.0906465576762585,541419682.0
2019-11-26,88.5384,35.049301147460945,3.3873000144958496,10.485436893203882,11.456310679611649,1.9521,12.9562,817.7302,813.8607,823.7224,809.8735,-0.18684443480754384,411888263.0
2019-11-27,89.0135,35.23740005493164,3.405400037765503,11.650485436893206,12.233009708737864,1.9626,12.9562,811.8068,820.0683,824.8185,808.2981,0.7627349496050211,466709996.0
2019-11-28,89.0643,35.25749969482422,3.407399892807007,12.03883495145631,12.427184466019414,1.9637,12.9562,820.7389999999997,819.7632,828.2095,817.6189,-0.037204218234022535,399820388.0
2019-11-29,89.4732,35.41939926147461,3.423099994659424,13.398058252427184,12.621359223300967,1.9727,12.9562,818.4429,823.1894,823.6801,815.5993,0.4179499640871893,405692956.0
2019-12-02,89.6593,35.49300003051758,3.4302000999450684,14.174757281553399,13.009708737864079,1.9768,12.9562,824.9887,826.5515,831.1596,820.9475,0.4084236264461199,404794164.0
2019-12-03,90.2788,35.73820114135742,3.4539000988006587,15.33980582524272,13.592233009708734,1.9905,12.9562,822.3783,832.7859,832.7859,818.765,0.7542663705770223,475721967.0
2019-12-04,90.0318,35.640499114990234,3.444099903106689,14.951456310679612,13.398058252427184,1.985,12.9562,825.8024,827.4168,831.2080000000003,824.1325,-0.6447155265236844,399964025.0
2019-12-05,92.1952,36.49689865112305,3.5267999172210693,21.16504854368932,16.50485436893204,2.0327,12.9562,830.2229,848.1263,850.6554,829.3958,2.5029102623973847,646145758.0
2019-12-06,93.1513,36.87540054321289,3.5634000301361084,23.689320388349515,17.864077669902915,2.0538,12.9562,848.6852,859.6274,859.8577,847.1962,1.3560598226938547,642376526.0
2019-12-09,92.895,36.77389907836914,3.5536000728607178,22.912621359223298,17.0873786407767,2.0482,12.9562,861.7658,858.2231,863.8981,856.3501,-0.16336147498322193,562225850.0
2019-12-10,93.9729,37.200599670410156,3.5947999954223637,25.24271844660193,19.41747572815534,2.0719,12.9562,855.0325,868.1885,868.817,851.8373,1.1611666010854207,639533067.0
2019-12-11,93.0525,36.83629989624024,3.559600114822388,23.30097087378641,17.475728155339805,2.0516,12.9562,867.8282,858.4058,872.5685,856.9319,-1.1267944691734544,621934721.0
2019-12-12,94.6885,37.4838981628418,3.6222000122070312,26.21359223300971,19.80582524271845,2.0877,12.9562,858.5982,870.5694,876.6967,858.5922,1.4169988133817333,736676721.0
2019-12-13,95.1661,37.67300033569336,3.6405000686645512,26.89320388349515,20.97087378640777,2.0982,12.9562,881.3814,872.5,883.7289,864.5338,0.22176290597854997,834027155.0
2019-12-16,56.848,41.3385009765625,5.325900077819824,74.75728155339806,42.135922330097095,2.2349,12.9562,876.7528,895.3146,895.4718,876.4114,2.6148538681948468,1752353335.0000002
2019-12-17,57.4579,41.781898498535156,5.3831000328063965,76.6990291262136,44.27184466019417,2.2589,12.9562,896.5303,906.7447,907.444,894.9922,1.2766573894807394,1865320825.0
2019-12-18,57.3523,41.7051010131836,5.373199939727783,76.50485436893204,43.49514563106796,2.2547,12.9562,906.6985,904.2139999999999,918.6176,899.8635,-0.2790973026916961,1788217400.0
2019-12-19,56.036,40.74800109863281,5.245399951934815,68.93203883495146,38.05825242718446,2.2030000000000003,12.9562,900.1091,887.7791,900.1091,881.7739,-1.817589641390211,1661287957.0
2019-12-20,55.2822,40.199798583984375,5.1749000549316415,63.883495145631066,34.75728155339806,2.1733,12.9562,886.1439999999999,873.7269,889.5764,873.2896,-1.5828487063955403,1360057425.0
2019-12-23,53.663999999999994,39.02310180664063,5.023399829864502,53.98058252427185,26.21359223300971,2.1097,12.9562,862.2142,847.8408,865.6086,847.6271,-2.9627221045844023,1305336751.0
2019-12-24,54.5914,39.6974983215332,5.110199928283691,58.058252427184456,31.067961165048537,2.1462,12.9562,851.8591,866.0795,866.3182,847.4179,2.1511939505624302,1109670596.0
2019-12-25,55.277,40.19609832763672,5.1743998527526855,63.49514563106796,34.56310679611651,2.1731,12.9562,862.9060000000003,879.0337,884.7729,862.9060000000003,1.4957287408372903,1269905317.0
2019-12-26,55.0981,40.06589889526367,5.157700061798097,62.33009708737865,33.59223300970873,2.1661,12.9562,876.6821,876.488,881.4647,868.9108,-0.28960209375361795,986052788.0
2019-12-27,53.9716,39.24679946899414,5.052299976348877,55.14563106796116,27.766990291262132,2.1218,12.9562,879.945,858.4367,884.3927,858.2576,-2.059503381677796,1348271966.0
2019-12-30,54.2942,39.481300354003906,5.082499980926514,56.11650485436893,29.514563106796107,2.1345,12.9562,851.6809,863.1689,868.2876,837.0324,0.5512578854096096,1123247855.0
2019-12-31,55.0156,40.00590133666992,5.150000095367432,61.35922330097088,32.42718446601941,2.1628,12.9562,863.7144,870.5975,874.5229,863.0676,0.8606195149060584,1077482321.0
2020-01-02,56.448,41.04750061035156,5.2839999198913565,72.13592233009709,40.19417475728153,2.2192,12.9562,877.4127,897.5492,901.0613,870.7063,3.095770433524112,1561330334.0
2020-01-03,56.5083,41.091400146484375,5.289000034332275,72.62135922330097,40.582524271844655,2.2215,12.9562,903.6136,901.1501,911.2426,893.5428,0.4011924917319196,1438825603.0
2020-01-06,56.6468,41.19219970703125,5.301199913024902,73.7864077669903,41.35922330097088,2.227,12.9562,890.4951,907.5526,917.0982,887.9256,0.7104809731475403,1526405615.0
2020-01-07,56.5495,41.12139892578125,5.291999816894531,72.81553398058253,40.77669902912621,2.2232,12.9562,907.6695,903.2829,911.2919,895.0696,-0.4704630894121116,1312732512.0
2020-01-08,55.5111,40.36629867553711,5.194900035858153,65.0485436893204,35.92233009708738,2.1823,12.9562,895.6260000000003,884.4856,899.7495,883.0413,-2.080998101480728,1389320270.0
2020-01-09,57.6125,41.89440155029297,5.391499996185303,77.08737864077669,44.85436893203884,2.2649,12.9562,894.1649,916.694,916.8774,894.1649,3.6414838183911633,1452038654.0
2020-01-10,58.0197,42.19049835205078,5.4295997619628915,78.83495145631069,47.18446601941748,2.281,12.9562,920.303,925.9209,931.5288,916.2099,1.0065408958714688,1424239170.0
2020-01-13,59.8675,43.53419876098633,5.60260009765625,83.68932038834951,63.49514563106796,2.3536,12.9562,924.8004,955.5179,955.5179,921.1336,3.196493350565917,1617261503.0
2020-01-14,59.1108,42.9838981628418,5.531700134277344,80.97087378640776,54.95145631067962,2.3238,12.9562,958.5110000000001,942.3235,959.6295,941.0737,-1.3808637179900118,1358604222.0
2020-01-15,59.8159,43.49660110473633,5.597700119018555,83.3009708737864,62.9126213592233,2.3516,12.9562,938.8774,954.0604,956.0082,931.8056,1.2455276770663144,1287725433.0
2020-01-16,59.6398,43.36859893798828,5.581200122833252,82.33009708737866,60.19417475728155,2.3446,12.9562,952.6614,952.3463,960.0216,947.8708,-0.17966367747785328,1412113772.0
2020-01-17,59.8349,43.510501861572266,5.588900089263916,82.71844660194175,63.300970873786405,2.3523,12.9562,955.1047,950.4088,960.7533,946.8635,-0.20344490234277174,1281320268.0
2020-01-20,61.9384,45.04010009765625,5.7855000495910645,90.09708737864077,79.80582524271844,2.435,12.9562,950.1834,988.0442,988.0442,950.1804,3.959917037805206,1582766397.0
2020-01-21,61.3279,44.596099853515625,5.728499889373777,88.73786407766991,74.75728155339806,2.411,12.9562,980.1694,979.2429,991.6681,976.4346,-0.8907799873730429,1337877377.0
2020-01-22,64.2798,46.7426986694336,6.004199981689452,94.95145631067965,87.96116504854368,2.5271,12.9562,968.7203,1018.3341,1021.7203,958.3385,3.9919819689272265,1695761927.0
2020-01-23,61.4787,44.7057991027832,5.742599964141848,89.51456310679613,75.72815533980581,2.4169,12.9562,994.5945,972.0614,1016.2196,953.6541,-4.543960572468307,1860089937.0
2020-02-03,55.4956,40.35499954223633,5.183599948883057,64.46601941747574,35.72815533980583,2.1817,12.9562,874.9827,878.1618,885.0862,874.9827,-9.65984247497124,623066212.0
2020-02-04,57.5299,41.83430099487305,5.216700077056885,67.96116504854369,44.66019417475729,2.2617,12.9562,846.6066,907.2689,910.0717,846.6066,3.3145486401253232,2018924179.0
2020-02-05,58.086999999999996,42.23939895629883,5.267199993133545,70.87378640776699,47.76699029126213,2.2836,12.9562,909.8398,912.0315,944.7245,904.1379,0.5249380861616683,1781085764.0
2020-02-06,59.2114,43.05709838867188,5.369100093841553,76.31067961165049,56.89320388349515,2.3278,12.9562,905.0118,931.3276,935.0518,898.2203,2.115727362486921,1700266873.9999998
2020-02-07,60.038999999999994,43.65999984741211,5.444200038909912,79.41747572815535,65.24271844660194,2.3603,12.9562,928.9318,945.2995,946.4268,922.6917,1.5002132439755895,1841585526.0
2020-02-10,59.8987,43.55799865722656,5.429999828338623,79.02912621359224,63.68932038834952,2.3548,12.9562,933.7918,944.3955,945.7312,926.5922,-0.09563106719087404,1608534824.0
2020-02-11,61.2141,44.51449966430664,5.549200057983398,81.74757281553397,73.20388349514563,2.4065,12.9562,944.7988,964.1942,972.76,942.3825,2.0964415861786776,1763721263.0
2020-02-12,61.8574,44.9822998046875,5.607600212097168,83.88349514563106,78.64077669902912,2.4318,12.9562,956.8666,977.5824,979.2389,953.3125,1.3885377032966992,1591601650.0
2020-02-13,61.5807,44.78110122680664,5.582499980926514,82.52427184466019,77.08737864077669,2.4209,12.9562,975.2655,977.9552,997.0043,966.8689,0.03813489277220864,1611457495.0
2020-02-14,62.263999999999996,45.27799987792969,5.635200023651122,85.8252427184466,82.52427184466019,2.4478,12.9562,975.3207,989.4247,1006.3564,974.7327,1.1728042347952174,1682760364.0
2020-02-17,65.2854,47.77730178833008,5.9156999588012695,93.00970873786407,91.65048543689319,2.5666,12.9562,1003.9669,1037.9841,1038.9087,1002.6126,4.907841900449814,2046452460.0
2020-02-18,66.1658,48.42160034179688,5.995500087738037,94.75728155339806,93.00970873786407,2.6012,12.9562,1038.7061,1057.7098,1057.7098,1028.4489,1.900385564672926,2084133860.0
2020-02-19,65.63,48.02949905395508,5.946899890899657,93.98058252427185,92.23300970873787,2.5801,12.9562,1047.8942,1050.5485,1080.9858,1044.0798,-0.6770571663418437,2012101314.0
2020-02-20,67.8508,49.6348991394043,6.146999835968018,96.69902912621359,95.14563106796116,2.6674,12.9562,1056.3745,1090.5235,1092.114,1050.4241,3.8051551165890873,2064659874.0
2020-02-21,70.2304,51.13869857788086,6.354100227355957,98.44660194174757,97.28155339805824,2.761,12.9562,1091.362,1126.0574,1138.9144,1090.2801,3.258425884449065,2390463292.0
2020-02-24,74.1143,53.951698303222656,6.70359992980957,99.6116504854369,98.64077669902912,2.9137,12.9562,1132.7675,1194.0483,1194.6556,1132.7675,6.03796040947824,2739942399.0
2020-02-25,76.3428,55.57389831542969,6.905200004577638,100.0,99.41747572815537,3.0013,12.9562,1170.9187,1242.6861,1246.4257,1139.1785,4.073352811607368,3760592199.0
2020-02-26,70.9867,51.44200134277344,6.417300224304199,98.83495145631069,97.66990291262137,2.7907,12.9562,1216.3548,1155.8469,1229.1071,1149.6628,-6.98802376561546,3203665219.0
2020-02-27,70.1457,50.51350021362305,6.337800025939941,98.252427184466,96.69902912621359,2.7577,12.9562,1165.3088,1139.7099,1177.2368,1116.4421,-1.3961191573036138,2412557795.0
2020-02-28,66.2202,47.41400146484375,5.919600009918213,93.20388349514565,90.67961165048544,2.6033,12.9562,1082.7082,1080.7769,1116.4285,1067.1812,-5.170877255694628,2602286290.0
2020-03-02,68.8997,48.6057014465332,6.160600185394287,97.28155339805824,93.98058252427185,2.7109,12.9562,1108.4987,1127.9442,1140.8609,1077.8914,4.364203194942438,2509026452.0
2020-03-03,68.6424,48.42419815063477,6.1375999450683585,96.50485436893204,93.39805825242719,2.7008,12.9562,1164.4593,1124.4903,1178.6094,1113.4272,-0.3062119562297476,2731275345.0
2020-03-04,66.50399999999999,46.91569900512695,5.946400165557861,93.7864077669903,88.73786407766991,2.6167,12.9562,1107.2317,1089.646,1116.1358,1061.0181,-3.0986750174723587,2197473788.0
2020-03-05,66.9976,47.26390075683594,5.9899001121521,94.5631067961165,90.48543689320387,2.6361,12.9562,1122.4093,1095.4660000000001,1126.9844,1073.9956,0.5341184201107457,2133236777.0
2020-03-06,66.2745,46.753700256347656,5.92519998550415,93.39805825242719,88.15533980582524,2.6076,12.9562,1069.7177,1082.4211,1092.9495,1068.8746,-1.1908082952825438,1388975428.0
2020-03-09,63.0555,44.45660018920898,5.637499809265138,86.01941747572815,72.4271844660194,2.481,12.9562,1059.0558,1028.8045,1079.4175,1028.0916,-4.953395679371001,2120186392.0
2020-03-10,66.8008,47.09719848632813,5.972300052642822,94.36893203883496,90.09708737864077,2.6283,12.9562,1024.8464,1095.8193,1096.0659,1017.2675,6.5138517570636765,2522625171.0
2020-03-11,65.1062,45.90240097045898,5.820799827575684,90.87378640776699,85.43689320388349,2.5617,12.9562,1101.7008,1064.1994,1121.1489,1063.4533,-2.885503111690052,2278613491.0
2020-03-12,64.0532,45.18830108642578,5.7307000160217285,88.93203883495146,80.7766990291262,2.5212,12.9562,1036.7837,1050.2986,1057.8027,1030.2766,-1.3062213716715017,1900968459.0
2020-03-13,63.7785,44.99449920654297,5.706099987030027,88.15533980582524,79.02912621359224,2.5104,12.9562,993.2675,1049.2461,1068.3819,993.0526,-0.10020959753731074,2232608728.0
2020-03-16,58.3047,41.13290023803711,5.216400146484375,67.76699029126215,40.97087378640777,2.2949,12.9562,1043.5958,958.0039999999999,1044.0004,954.1823,-8.695967514199008,2659204145.0
2020-03-17,57.3348,40.3755989074707,5.120800018310547,59.029126213592214,36.11650485436893,2.2505,12.9562,973.2695,942.43,978.4956,900.8041,-1.6256717090951671,2139948128.0
2020-03-18,55.8132,39.304100036621094,4.984899997711182,52.038834951456316,28.155339805825246,2.1907,12.9562,953.6563,916.9397,973.4195,916.0564,-2.7047419967530675,1960110595.0
2020-03-19,57.3025,40.35290145874024,5.117899894714356,58.64077669902913,35.53398058252428,2.2492,12.9562,917.9868,947.4085,958.2395,898.7617,3.322879356188851,2074958326.0
2020-03-20,56.3436,40.27439880371094,5.110499858856201,58.25242718446602,35.14563106796116,2.2376,12.9562,961.2996,945.9393,963.2501,925.3415,-0.15507566166020262,1600748397.0
2020-03-23,52.51600000000001,37.569801330566406,4.7673001289367685,45.242718446601934,20.38834951456311,2.0872,12.9562,905.9365,886.4157,922.1637,881.0255,-6.29253906672447,1769785723.0
2020-03-24,53.7583,38.45849990844727,4.878399848937988,48.932038834951456,23.689320388349515,2.1365,12.9562,909.87,906.1080000000001,911.4571,863.4111,2.221564893311336,1813133870.0
2020-03-25,55.278,40.0432014465332,5.07859992980957,55.92233009708738,32.815533980582515,2.2211,12.9562,934.4219,941.1442,949.6192,927.9058,3.866669315357552,1997159497.0
2020-03-26,53.0434,39.09149932861328,4.957900047302246,51.65048543689321,26.99029126213593,2.1644,12.9562,929.8363,917.1489999999999,937.7102,916.0732,-2.5495774186357365,1355900030.0
2020-03-27,52.0553,38.51100158691406,4.892499923706055,49.70873786407768,24.07766990291262,2.1348,12.9562,934.7412,905.5435,936.2385,904.5155,-1.2653887209166674,1294940890.0
2020-03-30,38.3842,37.04520034790039,4.764100074768066,44.85436893203884,18.446601941747574,2.0718,12.9562,882.8474,882.168,894.5142,855.422,-2.581377923865611,1542718164.0
2020-03-31,36.8298,36.12319946289063,4.657100200653076,42.9126213592233,14.757281553398053,2.0805,12.9562,897.3619,875.9387,898.2581,874.435,-0.7061353393004469,1114597990.0
2020-04-01,37.0511,36.3401985168457,4.684999942779541,43.49514563106796,15.92233009708738,2.093,12.9562,872.8092,879.4255,905.828,870.5464,0.39806438509909614,1375565459.0
2020-04-02,39.1741,38.422401428222656,4.952899932861328,51.2621359223301,23.30097087378641,2.213,12.9562,877.6189999999997,930.9392,931.2947,877.6058,5.857653661395987,1686221067.0000002
2020-04-03,38.6272,37.88610076904297,4.883699893951416,49.32038834951457,21.553398058252426,2.1821,12.9562,921.9496,914.0544,927.9818,907.8131,-1.8137382119047127,1319896665.0
2020-04-07,39.6187,38.85850143432617,5.009099960327148,53.20388349514563,25.43689320388349,2.2381,12.9562,942.1927,940.7615,945.3094,933.1551,2.921828285056116,1486711047.0
2020-04-08,39.8217,39.13660049438477,5.037199974060059,54.36893203883496,27.57281553398058,2.2442,12.9562,936.1964,947.9573,958.2029,934.6482,0.7648909952203696,1394266995.0
2020-04-09,39.6009,38.917701721191406,5.008999824523926,53.009708737864074,25.825242718446606,2.2317,12.9562,955.6028,943.7892,956.5099,938.0717,-0.4396928005090505,1181245958.0
2020-04-10,38.1306,37.40890121459961,4.819699764251709,47.18446601941748,19.61165048543689,2.1489,12.9562,940.3027,905.9385,940.3027,901.83,-4.0105036166974655,1429214330.0
2020-04-13,37.03,36.4031982421875,4.690599918365479,43.68932038834952,16.310679611650485,2.0907,12.9562,892.7834,882.1575,896.3331,876.0453,-2.6250126250291768,955194493.0
2020-04-14,38.4928,37.84120178222656,4.875899791717528,48.349514563106794,21.35922330097087,2.1732,12.9562,893.2792,913.9147,913.9147,890.4663,3.5999467215321537,1051289019.0
2020-04-15,38.6841,38.05229949951172,4.901700019836426,49.90291262135923,21.941747572815533,2.1812,12.9562,917.0763,918.3026,936.9222,913.3995,0.4801213942614059,1392692540.0
2020-04-16,38.8332,38.19900131225586,4.920599937438965,50.485436893203875,22.52427184466019,2.1896,12.9562,908.0945,920.2574,924.4639,900.3717,0.21287100787909968,968572191.0
2020-04-17,39.1392,38.9822998046875,5.00190019607544,52.62135922330097,26.019417475728158,2.1975,12.9562,937.1519999999999,938.7967,954.5112,935.6657,2.0145776605545387,1615609370.0
2020-04-20,38.8085,39.57400131225586,5.0706000328063965,55.72815533980583,30.097087378640776,2.2091,12.9562,940.6643,950.4010000000001,950.4010000000001,935.3563,1.236082316863701,1098850850.0
2020-04-21,36.9248,39.05699920654297,5.001100063323975,52.42718446601942,26.40776699029127,2.12,12.9562,941.3313,939.2988,942.0734,920.9284,-1.1681595452866658,1147400238.0
2020-04-22,36.9791,39.07590103149414,5.010000228881836,53.39805825242718,26.796116504854368,2.1231,12.9562,928.0249,941.1009,941.1009,925.0291,0.1918558822815483,881700332.0
2020-04-23,36.3623,38.43659973144531,4.930900096893311,50.67961165048544,23.495145631067963,2.0815,12.9562,944.2507,923.3373,944.9366,922.4051,-1.8875340571877042,898116236.9999998
2020-04-24,36.8813,38.159400939941406,4.848899841308594,47.96116504854369,22.330097087378643,2.0517,12.9562,922.3293,905.8873,931.7097,901.3333,-1.889883577756476,974476370.0
2020-04-27,37.0271,38.52420043945313,4.786099910736084,46.40776699029127,24.271844660194176,2.0524,12.9562,911.5813,913.1376,920.8636,896.747,0.8003534214465794,903664428.0
2020-04-28,38.8231,39.11380004882813,4.876200199127197,48.54368932038835,27.378640776699033,2.0955,12.9562,914.8277,933.5784,937.9536,890.2777,2.2385235259176675,1452972808.0
2020-04-29,38.2437,39.06060028076172,4.8763999938964835,48.7378640776699,26.601941747572816,2.0941,12.9562,929.799,934.6804,939.2351,927.2937,0.11804043452590328,1030161656.0
2020-04-30,41.2735,42.189300537109375,5.098299980163574,57.0873786407767,46.990291262135926,2.1915,12.9562,945.4807,984.4957,990.4942,945.4567,5.329661347343978,1722826609.0
2020-05-06,42.5455,43.48939895629883,5.246300220489502,69.12621359223301,62.71844660194175,2.2591,12.9562,977.1278,1020.3318,1020.6302,975.2735,3.640046370949105,1679672673.0
2020-05-07,42.3368,43.276100158691406,5.2220001220703125,68.15533980582525,59.22330097087379,2.248,12.9562,1035.5593,1018.6301,1046.2403,1014.4637,-0.16677908107931882,1591569690.0
2020-05-08,42.6882,43.63529968261719,5.265399932861328,70.48543689320388,64.66019417475728,2.2666,12.9562,1026.7747,1027.5582,1040.8215,1018.7081,0.8764810700174649,1444189391.0
2020-05-11,42.6598,43.606300354003906,5.26609992980957,70.67961165048544,64.27184466019418,2.2651,12.9562,1037.873,1027.4932,1041.3019,1017.0658,-0.006325675762215179,1316874827.0
2020-05-12,42.7495,43.698001861572266,5.268799781799316,71.06796116504856,66.40776699029126,2.2699,12.9562,1025.2907,1030.3371,1031.3989,1004.5658,0.2767804205419633,1276928477.0
2020-05-13,42.8535,43.804298400878906,5.2839999198913565,72.13592233009709,68.15533980582525,2.2754,12.9562,1020.2316,1033.1475,1037.7614,1015.3956,0.272765097947077,1054089776.0
2020-05-14,42.2751,43.21310043334961,5.212800025939941,67.37864077669903,58.25242718446602,2.2447,12.9562,1025.2431,1022.8512,1036.887,1021.9267,-0.996595355455062,1238739777.0
2020-05-15,42.6951,43.64239883422852,5.264599800109863,70.29126213592232,64.85436893203882,2.267,12.9562,1027.8161,1034.4593,1049.4221,1020.2439,1.1348767054289066,1323237914.0
2020-05-18,40.6614,41.5634994506836,5.013800144195557,53.592233009708735,43.300970873786405,2.1590000000000003,12.9562,1026.7114,981.2057,1026.7114,978.2654,-5.147964738680392,1805814668.0
2020-05-19,41.6937,42.61869812011719,5.144999980926514,60.582524271844655,50.485436893203875,2.2138,12.9562,991.5169,1006.8493,1006.8791,985.7139,2.613478498952869,1384015124.0
2020-05-20,41.078,41.98939895629883,5.069699764251709,55.533980582524265,45.825242718446596,2.1811,12.9562,1005.3405,991.8723,1007.7893,985.5765,-1.487511586887926,1253806720.0
2020-05-21,40.2534,41.14649963378906,4.968500137329102,51.84466019417475,41.16504854368932,2.1374,12.9562,995.7265,972.0628,1000.8493,967.9738,-1.9971825002069283,1196712236.0
2020-05-22,39.2629,40.13399887084961,4.846399784088135,47.76699029126213,34.36893203883496,2.0848,12.9562,970.2213,946.5517,974.0874,939.2755,-2.624429203545291,1069048793.0
2020-05-25,38.4642,39.31760025024414,4.747799873352051,44.46601941747573,28.54368932038835,2.0424,12.9562,939.7911,925.8587,940.82,918.3783,-2.186145775238688,935713141.0
2020-05-26,39.7692,40.6515998840332,4.912199974060059,50.29126213592232,37.0873786407767,2.1116,12.9562,933.2503,958.2413,958.2858,933.2503,3.4975747379162745,1071806824.0
2020-05-27,38.9285,39.79219818115234,4.808300018310547,46.79611650485437,31.262135922330106,2.0669999999999997,12.9562,957.8227,936.1154,957.8227,933.2832,-2.3090113106166474,1073298880.0
2020-05-28,38.7155,39.57440185546875,4.782700061798097,46.2135922330097,30.291262135922327,2.0558,12.9562,932.7446,930.0893,938.6888,908.2812,-0.64373473612335,1035039384.0
2020-05-29,38.5142,39.36869812011719,4.773399829864502,45.63106796116504,28.93203883495145,2.0452,12.9562,921.5839,923.7767,935.1698,917.5458,-0.6787090228862943,869680398.0
2020-06-01,40.8508,41.75709915161133,5.055300235748291,55.33980582524271,44.07766990291262,2.1692,12.9562,937.5889,982.2966,987.0245,937.5889,6.334853433735664,1625007417.0
2020-06-02,41.3255,42.2422981262207,5.118800163269043,58.83495145631069,47.96116504854369,2.1944,12.9562,987.9578,993.3082,1000.0106,982.63,1.121005610728984,1558863566.0
2020-06-03,41.7031,42.62829971313477,5.1691999435424805,63.10679611650486,50.67961165048544,2.2145,12.9562,997.9586,1003.1087,1023.2931,985.7678,0.9866524810728374,1819958030.0
2020-06-04,41.5166,42.43769836425781,5.147600173950195,61.165048543689316,49.32038834951457,2.2046,12.9562,1006.092,997.543,1012.4952,994.7132,-0.5548451528732621,1184811660.0
2020-06-05,42.0272,42.95959854125977,5.158699989318848,62.52427184466021,54.56310679611651,2.2317,12.9562,1004.3951,1010.1357,1012.6096,996.9368,1.2623716471370192,1142380213.0
2020-06-08,42.3174,43.25619888305664,5.195300102233887,65.24271844660194,58.83495145631069,2.2471,12.9562,1023.4078,1015.7449,1041.1926,1013.3827,0.5552917296161285,1417016242.0
2020-06-09,42.4576,43.399600982666016,5.212500095367432,67.18446601941747,61.165048543689316,2.2546,12.9562,1019.0234,1017.9653,1022.92,1007.2280000000001,0.21859819330620586,1104068897.0
2020-06-10,42.7136,43.66120147705078,5.245100021362305,68.73786407766991,65.4368932038835,2.2682,12.9562,1019.1497,1027.5791,1028.5976,1013.25,0.9444133311813252,1232835014.0
2020-06-11,42.4448,43.38639831542969,5.2129998207092285,67.57281553398057,60.582524271844655,2.2539,12.9562,1026.9961,1021.2052,1042.3495,1015.2810000000001,-0.6202831490052625,1402430784.0
2020-06-12,42.0498,42.98270034790039,5.164500236511231,62.9126213592233,54.757281553398066,2.2329,12.9562,994.0445,1011.8479,1019.0301,992.6433,-0.9162996819836025,1247069794.0
2020-06-15,41.387,42.158199310302734,5.132500171661377,59.41747572815535,46.60194174757282,2.2363,12.9562,1000.4813,989.2329,1010.9907,989.2329,-2.235019709978151,1215663993.0
2020-06-16,42.7915,43.58890151977539,5.306700229644775,74.1747572815534,63.883495145631066,2.3122,12.9562,1007.8418,1025.3085,1025.3085,1007.8418,3.646825737397141,1560952448.0
2020-06-17,42.867,43.66579818725586,5.3428001403808585,75.14563106796116,65.63106796116503,2.3162,12.9562,1030.4443,1026.6948,1030.4443,1017.7758,0.1352080861516209,1438420723.0
2020-06-18,44.4396,45.2677001953125,5.537099838256836,81.55339805825244,82.13592233009709,2.4012,12.9562,1025.9284,1066.3224,1068.2356,1020.597,3.8597254023298873,1958752215.0
2020-06-19,44.6688,45.50120162963867,5.565800189971924,81.94174757281554,83.68932038834951,2.4136,12.9562,1065.7031,1072.774,1081.0553,1061.9621,0.6050327743279023,1646527943.0
2020-06-22,45.2106,46.0531005859375,5.633399963378906,85.63106796116507,86.01941747572815,2.4429,12.9562,1076.0836,1087.2472,1091.2865,1076.0836,1.3491378426397485,1576091726.0
2020-06-23,45.2517,46.09500122070313,5.639200210571289,86.2135922330097,86.2135922330097,2.4451,12.9562,1087.3044,1084.8123,1087.3044,1068.4088,-0.22395091015180085,1368734791.0
2020-06-24,46.0895,46.94829940795898,5.743599891662598,89.70873786407768,89.12621359223301,2.4904,12.9562,1085.9448,1096.1079,1098.4161,1083.5599,1.0412492557468165,1395650865.0
2020-06-29,45.5217,46.36999893188477,5.56879997253418,82.13592233009709,86.79611650485437,2.4597,12.9562,1086.0546,1078.0128,1093.4797,1070.2429,-1.6508502493230826,1279820812.0
2020-06-30,47.1456,48.02420043945313,5.8215999603271475,91.06796116504854,92.03883495145632,2.5474,12.9562,1091.6183,1121.9172,1125.508,1091.6183,4.072716019698478,1761123519.0000005
2020-07-01,47.2428,48.12319946289063,5.83459997177124,91.45631067961165,92.62135922330096,2.5527,12.9562,1124.7656,1122.6205,1129.6663,1100.5114,0.0626873355716357,1653554493.0
2020-07-02,47.51,48.395301818847656,5.8611998558044425,92.03883495145632,92.81553398058253,2.5671,12.9562,1119.0366,1128.4052,1132.5422,1108.0207,0.5152854415182985,1748072611.0
2020-07-03,47.7637,48.65380096435547,5.89709997177124,92.81553398058253,94.1747572815534,2.5808,12.9562,1127.9843,1134.3455,1137.2382,1106.4946,0.5264332351534696,1928024023.0
2020-07-06,49.8545,50.78350067138672,6.1560001373291025,96.89320388349516,97.0873786407767,2.6938,12.9562,1141.351,1186.4898,1197.8023,1141.351,4.596862243469927,2511268848.0
2020-07-07,50.9462,51.89559936523438,6.290800094604492,97.86407766990291,97.86407766990291,2.7528,12.9562,1200.0941,1215.0046,1255.6697,1198.3414,2.403290782609334,2734211354.0
2020-07-08,51.8821,52.848899841308594,6.406400203704834,98.64077669902912,98.252427184466,2.8034,12.9562,1215.9605,1241.0093,1241.0731,1200.4083,2.1402964235690924,2368205954.0
2020-07-09,53.06800000000001,54.05690002441406,6.552800178527832,99.22330097087378,98.83495145631069,2.8674,12.9562,1243.3695,1268.8864,1284.2985,1242.3449,2.2463248260911626,2614801852.0
2020-07-10,52.3661,53.34189987182617,6.4679999351501465,99.02912621359225,98.44660194174757,2.8295,12.9562,1258.9994,1254.8424,1278.9124,1246.0349,-1.1067972672731063,2138580129.0
2020-07-13,54.3308,55.343299865722656,6.710599899291992,99.80582524271846,99.22330097087378,2.9357,12.9562,1260.516,1304.2951,1304.2951,1260.516,3.9409490785456436,2181370652.0
2020-07-14,53.5816,54.5801010131836,6.618100166320801,99.41747572815537,99.02912621359225,2.8952,12.9562,1301.9839,1286.1005,1308.2282,1252.9537,-1.3949757229019752,2696680486.0
2020-07-15,51.1042,52.05649948120117,6.312099933624268,98.05825242718448,98.05825242718448,2.7613,12.9562,1283.494,1220.1529,1289.1,1218.2614,-5.1277174684248985,2439590311.0
2020-07-16,47.5361,48.42190170288086,5.871600151062013,92.23300970873787,93.20388349514565,2.5685,12.9562,1218.9489,1136.5208,1229.1998,1131.0089,-6.854231137753312,2145358623.0
2020-07-17,48.0592,48.9547004699707,5.941800117492676,93.59223300970874,94.5631067961165,2.5968,12.9562,1140.4933,1149.4447,1167.4971,1126.5977,1.1371459281695508,1516590036.0
2020-07-20,49.1132,50.02840042114258,6.073500156402588,95.7281553398058,95.7281553398058,2.6537,12.9562,1172.6259,1175.3304,1176.3442,1140.2772,2.2520178656702705,1439249126.0
2020-07-21,49.4169,50.33769989013672,6.111100196838379,96.11650485436894,96.31067961165049,2.6701,12.9562,1172.5299,1180.3083,1186.4069,1158.9228,0.4235319702442703,1436203831.0
2020-07-22,49.8066,50.73469924926758,6.159299850463867,97.0873786407767,96.89320388349516,2.6912,12.9562,1180.4767,1191.4313,1210.6706,1171.5641,0.9423809016678142,1460919343.0
2020-07-23,49.0716,49.951698303222656,6.066500186920166,95.53398058252426,95.53398058252426,2.6515,12.9562,1174.382,1176.915,1186.4818,1144.0474,-1.2183916940909645,1656088035.0
2020-07-24,46.0511,46.87699890136719,5.6946001052856445,87.96116504854368,88.54368932038834,2.4883,12.9562,1163.0911,1104.601,1171.6582,1099.4741,-6.1443689646236015,1683845280.0
2020-07-27,46.0449,46.87070083618164,5.69379997253418,87.76699029126213,88.34951456310681,2.4879,12.9562,1109.7614,1105.0669,1121.8198,1093.6809,0.042178125857202695,1026479967.0
2020-07-28,47.0873,47.931800842285156,5.822700023651122,91.26213592233007,91.84466019417476,2.5443,12.9562,1120.4004,1129.0379,1130.8944,1114.529,2.169189937731372,1017964068.0
2020-07-29,48.7195,49.49250030517578,6.024199962615968,95.14563106796116,94.95145631067965,2.6325,12.9562,1126.9069,1170.708,1171.3199,1123.8856,3.690761842450112,1290413336.0
2020-07-30,48.1208,48.88420104980469,5.950200080871582,94.1747572815534,94.36893203883496,2.6001,12.9562,1176.7567,1155.2351,1177.1749,1153.0942,-1.3216703054903511,1064796771.0
2020-07-31,49.4261,50.032798767089844,6.104300022125244,95.92233009708738,95.92233009708738,2.6706,12.9562,1162.0819,1188.6501,1200.9056,1161.9048,2.892484828412845,1504798919.0
2020-08-03,50.6082,51.18769836425781,6.243899822235107,97.66990291262137,97.4757281553398,2.7345,12.9562,1205.855,1217.4512,1217.5767,1194.4508,2.423009092414993,1648110829.0
2020-08-04,49.6269,50.14699935913086,6.1236000061035165,96.31067961165049,96.11650485436894,2.6815,12.9562,1217.0882,1193.9636,1217.0882,1184.3339999999996,-1.929243652640856,1556121036.0
2020-08-05,49.9402,50.463600158691406,6.162199974060059,97.4757281553398,96.50485436893204,2.6984,12.9562,1213.1193,1202.5172,1215.6093,1188.0381,0.7164037496620467,1262782602.0
2020-08-06,49.3866,49.77510070800781,6.049699783325195,95.3398058252427,95.3398058252427,2.6685,12.9562,1195.4833,1187.6811,1195.4833,1173.3856,-1.2337536627334718,1300393137.0
2020-08-07,48.0861,48.43159866333008,5.887700080871582,92.4271844660194,93.59223300970874,2.5982,12.9562,1185.8871,1155.6474,1192.1658,1137.1246,-2.6971634052272075,1345777416.0
2020-08-10,47.6916,48.0343017578125,5.839399814605713,91.65048543689319,92.4271844660194,2.5769,12.9562,1134.8421,1144.8652,1154.3188,1123.0053,-0.9330008443752048,1231895752.0
2020-08-11,46.9743,47.25120162963867,5.742099761962893,89.32038834951456,90.29126213592234,2.5382,12.9562,1144.8905,1127.1895,1161.5839,1126.5137,-1.543911021140306,1029946267.0
2020-08-12,47.6922,47.46989822387695,5.7631001472473145,89.90291262135922,90.87378640776699,2.577,12.9562,1123.3036,1140.0616,1141.437,1095.9382,1.1419641506596758,1360245393.0
2020-08-13,47.2914,47.0192985534668,5.708199977874756,88.34951456310681,89.51456310679613,2.5553,12.9562,1143.5129,1130.0095,1144.6515,1125.8913,-0.8817155143195867,923153784.0
2020-08-14,48.0622,47.67580032348633,5.798500061035156,90.48543689320387,91.06796116504854,2.5969,12.9562,1126.8675,1151.2122,1152.7238,1125.36,1.87632935829301,892661950.0
2020-08-17,48.8819,48.47930145263672,5.894999980926514,92.62135922330096,93.7864077669903,2.6412,12.9562,1151.7076,1171.5037,1171.5037,1143.7312,1.7626203057959289,1292534216.0
2020-08-18,48.2717,47.77050018310547,5.815000057220459,90.67961165048544,91.45631067961165,2.6083,12.9562,1168.6889,1155.5011,1168.6889,1149.5915,-1.365988003281597,1178327793.0
2020-08-19,46.7751,46.3051986694336,5.6315999031066895,85.43689320388349,86.60194174757281,2.5274,12.9562,1150.9891,1119.3339,1150.9891,1117.8668,-3.1300013474673345,1187667261.0
2020-08-20,46.761,46.13010025024414,5.625899791717528,85.04854368932037,86.40776699029125,2.5266,12.9562,1110.2392,1120.8436,1130.122,1105.6196,0.1348748572700102,920054375.0
2020-08-21,47.3354,46.55550003051758,5.68779993057251,87.37864077669903,87.18446601941747,2.5577,12.9562,1135.1263,1135.2568,1152.8527,1126.5361,1.285924280604376,1276804200.0
2020-08-24,48.6616,47.72140121459961,5.839799880981445,91.84466019417476,91.26213592233007,2.6293,12.9562,1150.8087,1163.5857,1169.9506,1130.5866,2.495373733942838,1378142049.0
2020-08-25,48.5119,47.03779983520508,5.796500205993652,90.29126213592234,89.90291262135922,2.6212,12.9562,1167.0638,1160.1077,1177.8229,1156.6255,-0.29890363898422484,1295043093.0
2020-08-26,47.1841,45.22819900512695,5.615900039672852,84.85436893203884,81.74757281553397,2.5495,12.9562,1157.1976,1130.453,1159.2029,1125.0212,-2.556202325008277,1241798938.0
2020-08-27,47.6176,45.420799255371094,5.658400058746338,86.60194174757281,83.49514563106796,2.5729,12.9562,1130.5673,1139.5752,1143.267,1119.7699,0.8069508418306661,1009101044.0
2020-08-28,47.9034,45.56399917602539,5.684599876403809,87.18446601941747,84.27184466019419,2.5884,12.9562,1132.5058,1146.8749,1147.469,1122.0152,0.6405632555008243,916388453.0
2020-08-31,47.6654,44.98550033569336,5.653500080108643,86.40776699029125,78.83495145631069,2.5755,12.9562,1152.4931,1140.6619,1162.5708,1140.6619,-0.5417330172628213,1158527508.0
2020-09-01,47.9926,45.2943000793457,5.688700199127197,87.5728155339806,82.71844660194175,2.5932,12.9562,1132.0561,1147.9692,1150.0595,1123.1126,0.6406192755276511,1354101021.0
2020-09-02,48.2193,45.50830078125,5.71560001373291,88.54368932038834,83.88349514563106,2.6054,12.9562,1151.4739,1152.2903,1159.8307,1143.4364,0.3764125378973484,1411315317.0
2020-09-03,47.3945,44.72990036010742,5.608399868011475,84.07766990291263,75.92233009708737,2.5609,12.9562,1144.9671,1133.0225,1144.9671,1128.4585,-1.672130712199856,1196375131.0
2020-09-04,47.3262,44.66540145874024,5.600299835205078,83.49514563106796,75.33980582524272,2.5572,12.9562,1106.6869,1135.0146,1137.8536,1106.4976,0.17582175111261572,1131216163.0
2020-09-07,45.7452,43.173301696777344,5.413300037384033,78.25242718446603,57.475728155339795,2.4718,12.9562,1133.9007,1095.444,1138.1133,1090.3732,-3.486351629309439,1395499304.0
2020-09-08,45.56800000000001,43.00600051879883,5.3923001289367685,77.28155339805825,55.33980582524271,2.4622,12.9562,1097.3279,1087.7761,1099.4744,1072.3159,-0.6999810122653388,1214052409.0
2020-09-09,44.0003,41.5265007019043,5.206799983978272,66.79611650485437,42.9126213592233,2.3775,12.9562,1069.1058,1048.9626,1070.8861,1041.1415,-3.5681515708977223,1295722768.0
2020-09-10,43.434,40.992000579833984,5.139800071716309,60.0,39.805825242718456,2.3469,12.9562,1061.1025,1031.9001,1064.0883,1026.8110000000001,-1.6266070878027492,1214986441.0
2020-09-11,44.6497,42.13940048217773,5.283699989318848,71.84466019417476,46.40776699029127,2.4126,12.9562,1029.1518,1063.4878,1063.4878,1028.4972,3.0611199669425404,975561909.0
2020-09-14,45.3115,42.76390075683594,5.361999988555908,75.72815533980581,52.038834951456316,2.4483,12.9562,1069.4233,1075.0910000000001,1084.6143,1063.7704,1.091051538155848,998476349.0
2020-09-15,45.2182,42.67589950561523,5.350900173187256,75.33980582524272,51.2621359223301,2.4433,12.9562,1073.1305,1072.8402,1077.9299,1059.0283,-0.2093590217014001,751958386.0
2020-09-16,44.739,42.22370147705078,5.2941999435424805,73.20388349514563,47.57281553398058,2.4174,12.9562,1069.4646,1060.8774,1074.1388,1054.6528,-1.1150588876143916,685656848.0
2020-09-17,45.0915,42.55630111694336,5.335999965667725,74.9514563106796,50.097087378640786,2.4364,12.9562,1056.3135,1068.6021,1081.1563,1048.7383,0.7281425733077153,846978511.9999999
2020-09-18,45.8409,43.26359939575195,5.423900127410889,78.44660194174756,59.029126213592214,2.4769,12.9562,1067.8715,1085.7249,1085.8246,1067.0526,1.6023550767867545,901216380.0
2020-09-21,45.6055,43.04140090942383,5.396100044250488,77.86407766990291,56.31067961165049,2.4642,12.9562,1086.4095,1079.1515,1093.9436,1078.5719,-0.6054388178810298,758320691.0
2020-09-22,45.3287,42.78020095825195,5.36329984664917,76.11650485436894,52.42718446601942,2.4492,12.9562,1072.7052,1072.2254,1088.3477,1068.3366,-0.6418097922302759,698934792.0
2020-09-23,45.5919,43.02859878540039,5.394400119781494,77.66990291262134,55.92233009708738,2.4635,12.9562,1076.4567,1077.6356,1084.2912,1066.743,0.504576742912454,638257916.0
2020-09-24,44.4288,41.93090057373047,5.256800174713135,69.90291262135922,45.242718446601934,2.4006,12.9562,1065.7645,1048.8779,1069.5886,1048.5995,-2.6685922402712112,765151049.0
2020-09-25,44.2927,41.8025016784668,5.240499973297119,68.54368932038835,44.46601941747573,2.3933,12.9562,1056.5676,1045.3471,1057.8708,1040.9632,-0.3366264080881101,554718349.0
2020-09-28,44.401,41.904701232910156,5.253300189971924,69.70873786407768,45.04854368932038,2.3991,12.9562,1049.1559,1045.0023,1055.5204,1043.9031,-0.03298425948661934,606375090.0
2020-09-29,44.7717,42.25450134277344,5.293700218200684,73.00970873786406,48.15533980582524,2.4192,12.9562,1052.6023,1052.6281,1060.7149,1048.038,0.7297400206678778,596263793.0
2020-09-30,44.8317,42.31110000610352,5.30079984664917,73.59223300970874,48.54368932038835,2.4224,12.9562,1055.5881,1053.1,1062.5361,1047.8863,0.04483064816529268,571997770.0
2020-10-09,46.6572,44.03400039672852,5.516600131988525,80.58252427184465,70.48543689320388,2.521,12.9562,1077.2544,1097.968,1099.228,1075.8692,4.260564048998211,915797132.0
2020-10-12,47.488,44.82220077514648,5.613100051879883,84.66019417475728,77.66990291262134,2.5659,12.9562,1106.3152,1121.0767,1121.0767,1099.8986,2.104678824883785,1160369833.0
2020-10-13,47.4519,44.78810119628906,5.608799934387207,84.27184466019419,77.28155339805825,2.5639999999999996,12.9562,1121.4881,1117.2866,1127.5103,1107.3596,-0.3380767792248439,873401161.9999999
2020-10-14,46.3706,43.67940139770508,5.478700160980225,80.19417475728156,66.01941747572816,2.5055,12.9562,1106.7621,1092.7964,1106.7621,1091.1167,-2.1919353548140608,898840099.0
2020-10-15,46.0922,43.436500549316406,5.445700168609619,79.61165048543691,61.844660194174786,2.4905,12.9562,1094.1146,1086.8731,1101.0266,1085.7438,-0.5420314342177488,742549897.0
2020-10-16,45.5796,42.95349884033203,5.3850998878479,76.89320388349516,54.174757281553404,2.4628,12.9562,1086.6669,1074.3999,1089.3912,1067.5861,-1.1476224777299329,629193661.0
2020-10-19,45.6433,43.05350112915039,5.39330005645752,77.47572815533981,56.699029126213595,2.4662,12.9562,1090.9322,1074.8805,1097.5623,1073.3008,0.04473194757371952,812219561.0
2020-10-20,46.0682,43.45429992675781,5.4436001777648935,79.2233009708738,62.33009708737865,2.4892,12.9562,1074.1926,1088.2147,1088.219,1064.9963,1.2405285982953465,757372558.0
2020-10-21,45.0752,42.47100067138672,5.324299812316895,74.5631067961165,49.51456310679613,2.4355,12.9562,1088.0889,1064.3013,1088.0889,1058.0264,-2.1974891535650007,695311681.0
2020-10-22,44.9077,42.36130142211914,5.302800178527832,73.98058252427184,49.12621359223301,2.4265,12.9562,1057.5746,1059.7844,1063.855,1050.2937,-0.4244004963632082,589876283.0
2020-10-23,44.1588,41.07329940795898,5.200399875640869,66.01941747572816,40.3883495145631,2.386,12.9562,1065.7818,1042.7847,1070.1419,1041.7602,-1.6040715451180516,609046546.0
2020-10-26,44.5556,41.237701416015625,5.237199783325195,68.3495145631068,41.55339805825243,2.4075,12.9562,1037.1651,1050.878,1057.4778,1029.7506,0.7761237770366213,537042008.0
2020-10-27,44.9248,41.45439910888672,5.275400161743164,71.45631067961166,42.71844660194174,2.4274,12.9562,1047.1709,1058.84,1059.6788,1045.3084,0.757652172754591,624422372.0
2020-10-28,45.5194,41.544700622558594,5.297800064086914,73.39805825242719,43.10679611650485,2.4595,12.9562,1059.6377,1074.9572,1078.7381,1045.6791,1.5221563220127818,1015204190.0
2020-10-29,44.9615,42.18379974365234,5.197999954223633,65.63106796116503,46.79611650485437,2.4294,12.9562,1054.986,1062.3359,1066.2769,1053.0602,-1.1741211650101062,861644661.0
2020-10-30,43.8085,40.97100067138672,5.035099983215332,54.174757281553404,39.41747572815535,2.3671,12.9562,1063.9252,1038.2301,1069.6557,1036.1836,-2.269131637178038,1135443620.0
2020-11-02,44.1291,42.32369995117188,5.0177001953125,53.78640776699029,48.7378640776699,2.3844,12.9562,1038.5555,1049.9053,1053.6744,1032.9538,1.124529138579194,918723706.0
2020-11-03,44.8269,42.99300003051758,5.0970001220703125,56.89320388349515,55.14563106796116,2.4221,12.9562,1053.1197,1065.228,1070.6365,1049.7477,1.4594363891676867,841392652.0
2020-11-04,44.8656,43.03010177612305,5.101399898529053,57.28155339805825,56.11650485436893,2.4242,12.9562,1065.5118,1064.8718,1072.759,1058.392,-0.03343885064983005,649077363.0
2020-11-05,46.4602,44.55950164794922,5.282800197601318,71.6504854368932,74.36893203883496,2.5104,12.9562,1082.5813,1105.5459,1108.7577,1071.1776,3.819624108742497,1251327759.0
2020-11-06,46.7898,44.8755989074707,5.320199966430664,74.36893203883496,78.05825242718447,2.5282,12.9562,1111.72,1113.2004,1115.9181,1100.3573,0.6923728811259551,1266854213.0
2020-11-09,48.5355,46.54990005493164,5.519000053405762,80.7766990291262,86.99029126213594,2.6225,12.9562,1131.396,1153.8514,1176.0457,1131.396,3.6517234453023977,1785979389.9999995
2020-11-10,47.7094,45.75759887695313,5.425099849700928,78.64077669902912,84.85436893203884,2.5779,12.9562,1143.9831,1127.2003,1143.9831,1119.3736,-2.3097514983298577,1243022294.0
2020-11-11,46.1562,44.26800155639648,5.2484002113342285,69.32038834951456,71.6504854368932,2.494,12.9562,1121.0317,1089.6917,1124.698,1088.8058,-3.327589604083665,1040373707.0
2020-11-12,46.4798,44.57830047607422,5.285200119018555,72.4271844660194,74.5631067961165,2.5114,12.9562,1101.2634,1096.1675,1104.6896,1090.3901,0.5942781797824039,745408885.0
2020-11-13,46.3814,44.4838981628418,5.27400016784668,71.26213592233009,73.00970873786406,2.5061,12.9562,1089.7751,1094.7492,1099.0735,1081.3199,-0.12938716026520078,961120600.0
2020-11-16,45.4882,43.627201080322266,5.172500133514403,63.300970873786405,64.46601941747574,2.4579,12.9562,1095.0763,1074.0637,1095.813,1068.9802,-1.889519535616016,1135990547.0
2020-11-17,45.6705,43.802101135253906,5.19350004196167,64.85436893203882,67.96116504854369,2.4677,12.9562,1070.512,1079.2583,1079.5864,1046.0904,0.4836398437075973,1166588522.0
2020-11-18,45.5381,43.67509841918945,5.178400039672852,64.27184466019418,65.8252427184466,2.4606,12.9562,1072.3809,1075.4443,1080.9043,1067.7012,-0.35339084258141457,952540040.0
2020-11-19,45.601000000000006,43.73540115356445,5.1855998039245605,64.66019417475728,66.99029126213593,2.464,12.9562,1068.6254,1077.8882,1086.3693,1062.7147,0.2272456137430813,832341810.0
2020-11-20,45.516999999999996,43.65489959716797,5.176000118255615,64.07766990291263,65.0485436893204,2.4594,12.9562,1078.8489,1075.7932,1089.1749,1071.8073,-0.19436153025889208,862856213.0000001
2020-11-23,45.3072,43.4536018371582,5.152100086212158,61.74757281553398,62.135922330097074,2.4481,12.9562,1074.7725,1071.4717,1079.298,1063.5598,-0.40170359879575496,1038297926.0
2020-11-24,45.2313,43.38090133666992,5.143499851226807,60.38834951456311,60.38834951456311,2.444,12.9562,1068.1229,1071.3495,1077.1923,1062.4116,-0.011404874249130493,1005519279.0
2020-11-25,44.7834,42.95130157470703,5.092599868774414,56.699029126213595,53.98058252427185,2.4198,12.9562,1071.8495,1060.2806,1075.0741,1057.71,-1.0331735815436498,1144931525.0
2020-11-26,44.5383,42.71620178222656,5.044300079345703,54.56310679611651,51.65048543689321,2.4065,12.9562,1057.3779,1053.0293,1064.5333,1047.2636,-0.6839038646939432,898345930.0000002
2020-11-27,44.8883,43.05189895629883,5.084000110626222,56.31067961165049,56.50485436893204,2.4255,12.9562,1054.0985,1060.8316,1063.4378,1046.4131,0.7409385474839171,871407124.0
2020-11-30,45.1514,43.30419921875,5.114999771118164,58.44660194174758,59.6116504854369,2.4397,12.9562,1063.9318,1063.628,1075.4356,1053.0306,0.2636045155517566,1176798309.0
2020-12-01,45.8768,44.0,5.197199821472168,65.4368932038835,69.51456310679612,2.4789,12.9562,1063.4369,1080.0510000000004,1080.9257,1062.3581,1.5440548763289423,992265269.0
2020-12-02,45.8849,44.0077018737793,5.198100090026856,65.8252427184466,69.90291262135922,2.4793,12.9562,1081.8666,1082.5353,1087.7914,1072.3981,0.2300169158678688,1045083351.0
2020-12-03,45.4661,43.60599899291992,5.150700092315674,61.55339805825243,64.07766990291263,2.4567,12.9562,1080.6527,1073.9979,1084.664,1070.9873,-0.7886486473004559,842349353.9999999
2020-12-04,45.7778,43.90499877929688,5.207900047302246,66.99029126213593,68.93203883495146,2.4735,12.9562,1072.501,1082.2016,1082.9235,1069.613,0.7638469311718418,809722362.0
2020-12-07,45.7672,43.89490127563477,5.206699848175049,66.60194174757281,68.54368932038835,2.4729,12.9562,1087.3715,1080.9698,1092.6238,1079.7596,-0.1138235241936457,807461249.0
2020-12-08,45.7465,43.875,5.204400062561035,66.40776699029126,68.3495145631068,2.4718,12.9562,1079.9908,1078.1175,1083.4285,1075.2229,-0.26386491093460834,732342517.0
2020-12-09,45.141999999999996,43.29520034790039,5.135499954223633,59.80582524271845,59.41747572815535,2.4392,12.9562,1081.7145,1064.9393,1088.8351,1064.6929,-1.2223343002965874,1052791849.0
2020-12-10,44.8426,43.00809860229492,5.101500034332275,57.475728155339795,55.533980582524265,2.423,12.9562,1059.8317,1058.8972,1067.2044,1049.2028,-0.5673656705128537,792663838.0
2020-12-11,44.0077,42.207298278808594,5.002900123596191,52.81553398058254,47.37864077669903,2.3779,12.9562,1058.8901,1034.2329,1059.3561,1025.5812,-2.329244047486398,1099377305.0
2020-12-14,43.8439,40.68349838256836,5.13129997253418,59.22330097087379,37.28155339805825,2.5564,12.9562,1035.1414,1030.3110000000001,1036.1331,1021.2042,-0.37920859025080816,934634663.0
2020-12-15,44.0346,40.86050033569336,5.153600215911865,61.94174757281553,38.83495145631068,2.5675,12.9562,1029.1698,1033.633,1036.1745,1025.7569,0.3224269176976773,730494349.0
2020-12-16,43.8662,40.70429992675781,5.134200096130371,59.6116504854369,37.4757281553398,2.5577,12.9562,1039.4928,1027.234,1044.0735,1025.8742,-0.6190785317419351,869616894.9999999
2020-12-17,43.9602,40.791500091552734,5.145199775695801,60.77669902912621,38.25242718446602,2.5631,12.9562,1025.5146,1031.0188,1031.0188,1012.4239,0.3684457484857521,808829224.0
2020-12-18,43.5309,40.39310073852539,5.088099956512451,56.50485436893204,36.31067961165049,2.5381,12.9562,1035.7919,1019.7044,1037.3807,1017.6102,-1.097399969816272,721025578.0
2020-12-21,44.0324,40.85850143432617,5.1468000411987305,60.970873786407786,38.64077669902913,2.5673,12.9562,1013.3487,1030.9097,1031.8398,1010.346,1.0988772824751925,869907141.0
2020-12-22,43.1708,40.058998107910156,5.04580020904541,54.757281553398066,33.398058252427184,2.5171,12.9562,1024.7537,1009.7417,1029.4408,1009.6132,-2.053332120165316,1020690165.0
2020-12-23,44.1211,40.94079971313477,5.156899929046631,62.135922330097074,39.22330097087379,2.5725,12.9562,1017.2367,1028.8199,1028.8767,1009.3105,1.8894138966430645,1063727924.0
2020-12-24,43.7077,40.55720138549805,5.108200073242188,57.8640776699029,36.6990291262136,2.5484,12.9562,1028.3002,1017.6635,1032.9576,1016.4381,-1.0843880449824077,815582913.0
2020-12-25,43.6893,40.54010009765625,5.106100082397461,57.66990291262135,36.50485436893204,2.5473,12.9562,1016.7167,1014.6992,1025.0503,1009.3208,-0.29128488935684343,855394961.0
2020-12-28,43.1817,40.06909942626953,5.04670000076294,54.95145631067962,33.78640776699029,2.5177,12.9562,1012.9088,999.9584,1012.9088,996.9852,-1.4527260886773181,871264278.9999999
2020-12-29,44.0073,40.83520126342773,5.143199920654297,60.19417475728155,38.44660194174757,2.5659,12.9562,1003.1202,1023.5504,1033.8976,1003.1202,2.3592981468029057,1150983190.0
2020-12-30,44.1641,40.9807014465332,5.161499977111816,62.71844660194175,39.6116504854369,2.575,12.9562,1018.2721,1025.6371,1025.9717,1009.5147,0.2038688080235181,1138880735.0
2020-12-31,44.5603,41.34830093383789,5.200799942016602,66.2135922330097,42.52427184466017,2.5981,12.9562,1026.6304,1034.6545,1039.4389999999999,1020.8777,0.8791998651375014,1113019834.0
2021-01-04,44.983000000000004,41.7406005859375,5.250100135803223,69.51456310679612,43.68932038834952,2.6228,12.9562,1036.0331,1048.3995,1049.0543,1028.6878,1.3284627863697391,1447111636.0
2021-01-05,46.7052,43.338600158691406,5.451399803161621,80.0,60.0,2.7232,12.9562,1041.8208,1087.7166,1088.6366,1039.2465,3.75020209376292,1796608693.0
2021-01-06,45.8903,42.58250045776367,5.356200218200684,75.53398058252428,50.29126213592232,2.6757,12.9562,1090.1778,1066.8363,1090.4257,1061.6308,-1.9196452458296616,1383490698.0
2021-01-07,45.9466,42.63479995727539,5.362800121307373,75.92233009708737,50.87378640776698,2.679,12.9562,1065.7304,1064.2764,1069.3257,1050.1155,-0.23995246505953824,1469040316.0
2021-01-08,46.6889,43.32350158691406,5.449399948120117,79.80582524271844,59.80582524271845,2.7222,12.9562,1069.0523,1081.809,1085.6521,1068.3962,1.6473728065378508,1590610597.0
2021-01-11,47.4285,44.00979995727539,5.535799980163574,81.16504854368931,70.09708737864078,2.7654,12.9562,1089.7917,1098.9542,1111.3006,1085.5558,1.5848638715336931,1842185028.0
2021-01-12,47.9107,44.45719909667969,5.5920000076293945,82.91262135922331,72.62135922330097,2.7935,12.9562,1093.3055,1110.982,1111.0218,1081.9460000000001,1.0944769126866316,1559133259.0
2021-01-13,48.7448,45.231201171875,5.682000160217285,86.99029126213594,81.94174757281554,2.8421,12.9562,1113.6115,1128.5964,1136.7652,1113.0318,1.5854802328030455,1923515494.0
2021-01-14,48.7066,45.19580078125,5.677599906921388,86.79611650485437,81.16504854368931,2.8399,12.9562,1129.6102,1125.6933,1147.8785,1111.5978,-0.25723101721749203,1917519216.0
2021-01-15,47.5006,44.07659912109375,5.537000179290772,81.35922330097088,70.87378640776699,2.7696,12.9562,1121.0759,1100.0046,1124.7674,1085.8731,-2.2820336587239107,1515645304.0
2021-01-18,49.1934,45.647499084472656,5.734300136566162,89.12621359223301,84.46601941747572,2.8683,12.9562,1099.2663,1139.7122,1148.4207,1098.1906,3.6097667227937014,1473629208.0
2021-01-19,47.9989,44.53900146484375,5.595099925994873,83.10679611650484,73.7864077669903,2.7986,12.9562,1137.4613,1116.9160000000004,1139.7906,1110.7705,-2.0001716222744657,1378217733.0
2021-01-20,48.1425,44.67229843139648,5.611800193786621,84.46601941747572,75.53398058252428,2.807,12.9562,1117.61,1118.4223,1122.8039,1104.4058,0.1348624247481467,1050799467.0
2021-01-21,48.3038,44.821998596191406,5.63070011138916,85.24271844660194,77.47572815533981,2.8164,12.9562,1121.5321,1118.1529,1126.2042,1107.2838,-0.02408750254710632,1443750603.0
2021-01-22,47.1598,43.760501861572266,5.496099948883057,80.38834951456309,67.57281553398057,2.7497,12.9562,1117.9293,1094.1043,1119.7309,1080.4667,-2.150743426949935,1783568429.0
2021-01-25,46.46100000000001,42.35749816894531,5.399899959564209,78.05825242718447,48.932038834951456,2.7089,12.9562,1071.8327,1073.1099,1087.9160000000004,1056.4869,-1.9188664188597049,1815074544.0
2021-01-26,45.2563,41.2593002319336,5.259900093078613,70.09708737864078,41.94174757281554,2.6387,12.9562,1067.4347,1047.0911,1076.0477,1043.9154,-2.4246165280927734,1276224559.0
2021-01-27,45.7876,41.74359893798828,5.174699783325195,63.68932038834952,43.883495145631066,2.6697,12.9562,1046.6111,1050.6287,1056.7989,1037.3565,0.3378502596383336,1157210813.0
2021-01-28,43.8355,39.96390151977539,4.954100131988525,51.45631067961165,32.23300970873787,2.5559,12.9562,1034.6857,1006.9004,1041.1764,1005.8056,-4.162107888352944,1394465978.0
2021-01-29,43.7661,39.5796012878418,4.946199893951416,50.87378640776698,30.48543689320388,2.5518,12.9562,1018.5755,1000.6644,1020.9910000000001,988.6585,-0.619326400108689,1323549359.0
2021-02-01,43.8001,39.63769912719727,4.9500999450683585,51.067961165048544,30.87378640776699,2.5538,12.9562,1000.5706,1004.4247,1009.7548,993.6808,0.3757803315477226,1115483019.0
2021-02-02,44.1508,39.93519973754883,4.985499858856201,52.23300970873787,31.84466019417476,2.5742,12.9562,1005.8084,1015.1394,1016.1956,996.5592,1.0667499514896432,1057700051.0
2021-02-03,42.9023,38.805999755859375,4.844600200653076,47.57281553398058,25.14563106796116,2.5015,12.9562,1014.1683,987.0699,1014.6698,987.0699,-2.7650882233514,1150879484.0
2021-02-04,42.3905,38.34310150146485,4.766900062561035,45.04854368932038,22.912621359223298,2.4716,12.9562,977.4073,974.1154,983.563,948.3503,-1.3124197181982693,1355790996.0
2021-02-05,41.7183,37.547401428222656,4.691299915313722,43.883495145631066,20.19417475728155,2.4324,12.9562,976.0828,954.8421,980.7873,954.8421,-1.9785438152399668,972956831.0
2021-02-08,41.8142,37.50699996948242,4.664100170135498,43.10679611650485,20.0,2.438,12.9562,958.7257,957.3555,968.2848,952.9784,0.26322676806982503,1009529029.0
2021-02-09,42.831,38.41910171508789,4.7775001525878915,45.825242718446596,23.10679611650485,2.4973,12.9562,958.6257,978.1582,980.2735,952.1561,2.172933669885425,957308765.0
2021-02-10,43.8251,39.31079864501953,4.885900020599365,49.51456310679613,28.349514563106798,2.5553,12.9562,981.9586,999.7391,1002.9744,974.3547,2.206279106999261,1122994759.0
2021-02-18,43.7596,39.25199890136719,4.878600120544434,49.12621359223301,27.96116504854369,2.5514,12.9562,1015.4065,1002.9117,1017.7075,1000.3202,0.3173427947351453,1174301726.0
2021-02-19,44.0443,39.50749969482422,4.910299777984619,50.097087378640786,29.708737864077676,2.568,12.9562,998.8535,1012.1656,1012.9504,987.8205,0.9227033646132601,1089801091.0
2021-02-22,43.0159,38.805999755859375,4.7941999435424805,46.60194174757282,25.14563106796116,2.5081,12.9562,1011.4527,989.1453,1012.602,989.0819,-2.2743610334119246,1216929520.0
2021-02-23,42.7921,38.616798400878906,4.768199920654297,45.43689320388349,24.466019417475728,2.495,12.9562,980.9654,985.9355,995.2851,977.4875,-0.32450237594011444,905490557.0
2021-02-24,42.9455,38.75529861450195,4.78249979019165,46.01941747572816,24.85436893203884,2.504,12.9562,987.0552,987.5421,1004.5331,975.4577,0.16295183609880742,982436970.0
2021-02-25,42.6848,38.49679946899414,4.75029993057251,44.66019417475729,23.883495145631066,2.4888,12.9562,992.7989,981.7116,994.7614,976.6599,-0.5904052090538752,802802857.0
2021-02-26,42.32100000000001,37.920501708984375,4.7038002014160165,44.07766990291262,21.74757281553398,2.4676,12.9562,964.0238,973.3454,982.7556,962.5144,-0.8522054746016993,907585144.0
2021-03-01,43.2184,38.73849868774414,4.810100078582764,46.990291262135926,24.66019417475729,2.5257,12.9562,980.544,998.3721,998.6552,976.3944,2.571204425479383,1015005408.0
2021-03-02,43.3765,38.88029861450195,4.8302001953125,47.37864077669903,25.63106796116505,2.5349,12.9562,1003.5026,1003.6372,1012.4534,994.1519,0.5273685031863331,988160620.0
2021-03-03,43.6353,39.11220169067383,4.859000205993652,48.15533980582524,27.18446601941748,2.5501,12.9562,999.0172,1008.4355,1008.8639999999999,993.3845,0.4780910870980111,820247079.0
2021-03-04,41.9252,37.57939910888672,4.668600082397461,43.300970873786405,20.58252427184466,2.4501,12.9562,999.5848,970.1893,1001.2637,967.4309,-3.7926272924743367,940976002.0
2021-03-05,42.5265,38.11830139160156,4.735599994659424,44.27184466019417,22.135922330097085,2.4853,12.9562,957.0025,982.8241,987.5753,956.7028,1.3023025506465635,889159174.0
2021-03-08,41.3868,37.0968017578125,4.60860013961792,42.71844660194174,18.640776699029125,2.4187,12.9562,986.278,954.5914,993.8919999999999,953.8738,-2.872609656193821,946271280.0
2021-03-09,40.0547,35.902801513671875,4.4602999687194815,42.52427184466017,14.368932038834947,2.3408,12.9562,952.4184,920.0656,953.5367,908.1993,-3.6168144820915,998677617.0
2021-03-10,39.6396,35.53070068359375,4.414100170135498,42.135922330097095,13.203883495145636,2.3166,12.9562,935.1296,911.4868,937.3014,910.3107,-0.9324117758559826,804493357.0
2021-03-11,39.9996,35.85340118408203,4.445000171661377,42.33009708737864,14.174757281553399,2.3376,12.9562,910.7437,921.1839,923.3991,895.8835,1.0638771729881311,1046635513.0
2021-03-12,39.3021,35.22819900512695,4.367499828338623,41.94174757281554,12.03883495145631,2.2968,12.9562,921.3842,904.8614,921.3842,897.8561,-1.7719046110119805,866641356.0
2021-03-15,37.6099,33.83660125732422,4.190199851989746,38.64077669902913,9.12621359223301,2.2028,12.9562,895.9172,866.8023,895.9172,861.3887,-4.206069570433666,985368379.0
2021-03-16,37.4265,33.792999267578125,4.183199882507323,38.25242718446602,8.737864077669903,2.198,12.9562,869.5139999999999,864.7732,876.3026,851.5621,-0.2340902879468561,861191773.0
2021-03-17,38.4597,34.30950164794922,4.240799903869629,40.582524271844655,9.902912621359224,2.2058,12.9562,861.8681,878.0822,879.5781,856.5963,1.5390162414838906,798827368.0
2021-03-18,38.2346,34.108699798583984,4.2160000801086435,40.0,9.70873786407767,2.1929,12.9562,876.933,873.2032,878.5577,867.6455,-0.5556427405087936,904292056.0
2021-03-19,37.3507,33.320201873779304,4.118500232696533,35.72815533980583,6.601941747572818,2.1422,12.9562,861.2655,852.4399,867.0054,850.3386,-2.3778314142687598,888842940.0
2021-03-22,37.7798,33.665000915527344,4.161499977111816,37.28155339805825,8.155339805825243,2.1643,12.9562,853.1469999999997,863.9923,864.5699,849.6082,1.3552157753291505,879377815.0
2021-03-23,37.4301,33.00170135498047,4.084099769592285,34.75728155339806,5.436893203883495,2.1443,12.9562,865.7610000000003,856.2882,870.3944,853.0274,-0.8916861874810735,824166631.0
2021-03-24,36.772,32.421398162841804,4.0123000144958505,32.62135922330097,2.9126213592233015,2.1066,12.9562,849.8576,839.3561,853.9788,838.2460000000003,-1.9773833155706213,766825777.0
2021-03-25,36.9512,32.65290069580078,4.040900230407715,33.398058252427184,4.077669902912621,2.121,12.9562,836.5064,845.4119999999997,850.6944,834.9047,0.7214935353421588,680531294.0
2021-03-26,37.8569,33.453201293945305,4.139900207519531,36.31067961165049,7.378640776699027,2.173,12.9562,850.0457,865.6809,867.6263,849.0673,2.3975174234574284,862392202.9999999
2021-03-29,36.5768,33.157100677490234,4.10290002822876,35.14563106796116,5.825242718446603,2.1086,12.9562,870.1499,860.5021,871.3953,858.6465,-0.5982342916425568,770057504.0
2021-03-30,37.2342,33.393600463867195,4.065700054168701,33.78640776699029,6.990291262135923,2.0638,12.9562,860.2789,864.1355,867.0216,858.2125,0.4222418515887337,737601199.0
2021-03-31,36.5285,32.887901306152344,4.066699981689453,33.98058252427185,4.854368932038835,2.0454,12.9562,865.5517,864.1152,865.607,856.0174,-0.0023491686199699226,644275793.0
2021-04-01,37.1581,33.45479965209961,4.119999885559082,35.92233009708738,7.572815533980582,2.0807,12.9562,868.2808,879.3586,880.842,866.7344,1.7640472011139334,766749111.0
2021-04-02,37.7035,33.91210174560547,4.167300224304198,37.864077669902905,9.514563106796118,2.1112,12.9562,883.2834,896.2599,899.1824,883.2834,1.9220031509329631,866138249.0
2021-04-06,37.6978,33.90689849853516,4.162199974060059,37.4757281553398,9.320388349514564,2.1109,12.9562,900.4664,895.8896,903.6339,892.47,-0.04131614055253871,742510315.0
2021-04-07,37.5417,33.76649856567383,4.144899845123291,36.89320388349515,8.54368932038835,2.1022,12.9562,894.8766,891.6239999999997,894.8766,881.835,-0.4761300946009362,762339498.0
2021-04-08,37.5489,33.74779891967773,4.1416001319885245,36.50485436893204,8.349514563106796,2.1006,12.9562,890.4442,892.5253,899.2048,886.4685,0.10108521080634797,672873975.0
2021-04-09,37.2338,33.46720123291016,4.1093997955322275,35.33980582524272,7.766990291262134,2.0832,12.9562,893.5827,887.4196,897.3696,884.947,-0.5720510107668735,603431750.0
2021-04-12,36.7087,32.995201110839844,4.051499843597412,33.59223300970873,5.242718446601941,2.0539,12.9562,888.5241,874.45,897.0006,872.7641,-1.4614957794486283,649550013.0
2021-04-13,36.7798,33.25490188598633,4.076099872589111,34.36893203883496,6.019417475728155,2.0627,12.9562,873.6225,877.7023,888.5644,872.063,0.371925210132082,712581229.0
2021-04-14,37.0085,33.553600311279304,4.11299991607666,35.53398058252428,7.9611650485436884,2.079,12.9562,877.7053,886.5609,888.3982,877.5676,1.0092943814776274,632585764.0
2021-04-15,35.6813,32.58819961547852,4.070099830627441,34.1747572815534,3.4951456310679614,2.0521,12.9562,886.5559,878.7958,886.5559,872.3707,-0.8758676363913592,630901954.0
2021-04-16,35.8036,32.699901580810554,4.084000110626222,34.56310679611651,4.271844660194175,2.0591,12.9562,880.1786,881.2826,883.9967,868.8717,0.282978138948777,675435368.0
2021-04-19,37.4198,35.456199645996094,4.2565999031066895,40.97087378640777,12.815533980582526,2.1387,12.9562,880.1676,913.3594,913.4743,880.0946,3.639785921110896,1379635474.0
2021-04-20,36.9722,34.90039825439453,4.2038002014160165,39.22330097087379,11.067961165048542,2.1108,12.9562,910.9123,906.6284,918.8962,906.3137,-0.7369497702656801,1271291216.0
2021-04-21,35.5335,34.87490081787109,4.202899932861328,39.02912621359224,10.87378640776699,2.055,12.9562,898.4463,903.5419,906.2999,893.2993,-0.34043716256847906,931027863.0
2021-04-22,36.148,35.135799407958984,4.26830005645752,41.16504854368932,11.844660194174757,2.0905,12.9562,906.931,921.6247,925.8795,902.8355,2.0013239009723742,1257030028.0
2021-04-23,36.0487,34.708999633789055,4.239999771118163,40.3883495145631,10.485436893203882,2.0789,12.9562,919.0098,916.2385,923.3043,914.1197,-0.5844244408814039,953634790.0
2021-04-26,34.4589,34.38050079345703,4.206399917602538,39.41747572815535,10.097087378640776,2.0489,12.9562,918.0501,913.6903,933.4960000000001,913.2212,-0.27811535970165685,1153361636.0
2021-04-27,34.486999999999995,34.428699493408196,4.2133002281188965,39.805825242718456,10.29126213592233,2.0539,12.9562,912.9024,913.7466,917.6994,898.9823,0.006161825292439321,972238596.0
2021-04-28,34.3109,33.835800170898445,4.151199817657472,37.0873786407767,8.932038834951458,2.0393,12.9562,909.3367,909.9581,911.3283,898.5546,-0.4146116658600972,953753248.0
2021-04-29,35.7315,33.289901733398445,4.135700225830078,36.11650485436893,6.2135922330097095,2.0495,12.9562,910.5407,910.7610000000001,919.8764,909.5305,0.08823483191149377,867149302.0
2021-04-30,35.2595,31.72590065002441,4.04040002822876,33.20388349514563,2.524271844660194,2.0153,12.9562,909.3094,901.0679,913.1343,896.3045,-1.0642858005557945,837967751.0
2021-05-06,34.7553,31.272199630737305,3.982599973678589,32.23300970873787,1.7475728155339807,1.9865,12.9562,897.6672,886.5591,901.1292,884.6276,-1.6101783228544782,700677074.0
2021-05-07,33.7299,30.34959983825684,3.8650999069213854,30.87378640776699,0.7766990291262136,1.9279,12.9562,889.2387,859.28,890.7486,859.28,-3.076963509821282,747822338.0
2021-05-10,33.3529,30.01040077209473,3.821899890899658,29.12621359223301,0.1941747572815534,1.9063,12.9562,858.2178,847.0018,858.4673,843.1958,-1.4288939577320514,717973848.0
2021-05-11,33.4059,30.058000564575195,3.8280000686645512,29.708737864077676,0.3883495145631068,1.9094,12.9562,842.8355,848.0814,849.3786,835.1375,0.12746135840561704,637002477.0
2021-05-12,33.537,30.17600059509277,3.84470009803772,30.48543689320388,0.5825242718446602,1.9168,12.9562,846.2786,853.4793,853.8842,841.9821,0.6364837148886812,607488326.0
2021-05-13,33.3489,30.00670051574707,3.823100090026857,29.32038834951457,0.0,1.9061,12.9562,843.4361,851.7242,859.7976,842.2791,-0.2056406054604922,717630301.0
2021-05-14,33.8908,30.49430084228516,3.888000011444092,31.262135922330106,0.9708737864077668,1.9371,12.9562,853.799,866.8907,867.112,844.8068,1.7806820564685193,744076138.0
2021-05-17,34.4303,30.979700088500977,3.949899911880493,31.45631067961165,1.1650485436893203,1.9679,12.9562,870.0484,881.7314,889.618,870.0484,1.7119459235172287,900110326.0
2021-05-18,34.4629,31.00909996032715,3.9535999298095694,31.84466019417476,1.3592233009708738,1.9698,12.9562,880.2949,883.0236,883.1795,874.3483,0.14655256691550056,616367200.0
2021-05-19,34.7967,31.30940055847168,3.991899967193604,32.42718446601941,1.9417475728155336,1.9888,12.9562,879.7343,892.8689,897.2834,878.0075,1.1149532130285154,803250643.0
2021-05-20,35.0514,31.53860092163086,4.026000022888184,32.815533980582515,2.135922330097088,2.0034,12.9562,890.9256,899.2169,901.7863,888.2071,0.7109666379913059,727426551.0
2021-05-21,34.6244,31.154399871826172,3.979899883270264,32.03883495145632,1.5533980582524272,1.979,12.9562,899.6911,888.4167,903.9169,887.7771,-1.2010672842114087,755635580.0
2021-05-24,35.1373,31.61590003967285,4.03879976272583,33.00970873786408,2.3300970873786406,2.0083,12.9562,886.8519,904.8729,906.1582,885.357,1.8523064683498145,977932545.0
2021-05-25,36.0422,32.430099487304695,4.144700050354004,36.6990291262136,3.1067961165048543,2.06,12.9562,905.0454,927.0686,928.5402,901.607,2.4529080271936516,1201649360.0
2021-05-26,35.6005,32.032699584960945,4.093900203704834,34.95145631067961,2.718446601941748,2.0348,12.9562,929.5154,915.8433,930.42,915.6386,-1.2108381192071382,1037130289.0
2021-05-27,36.4756,32.820098876953125,4.195300102233887,38.83495145631068,4.660194174757281,2.0848,12.9562,915.3297,940.2983,946.1518,915.0245,2.6702166189347065,1266035290.0
2021-05-28,36.2692,32.6343994140625,4.1788997650146475,38.05825242718446,3.689320388349514,2.073,12.9562,939.7909,937.1101,945.7371,931.6676,-0.3390626144915982,1162190026.0
2021-05-31,36.6219,32.951698303222656,4.2204999923706055,40.19417475728153,5.048543689320388,2.0932,12.9562,940.6409,947.6887,948.0792,939.2025,1.1288534826377448,998036652.0
2021-06-01,36.8161,33.126399993896484,4.246200084686278,40.77669902912621,5.631067961165048,2.1043,12.9562,945.6932,954.7615,960.2724,939.5252,0.7463210229266124,1272374435.0
2021-06-02,36.1136,32.49430084228516,4.1652002334594735,37.66990291262136,3.3009708737864085,2.0641,12.9562,956.6021,936.7847,956.687,932.8752,-1.882857656074309,1022117729.0
2021-06-03,36.2807,32.644798278808594,4.189799785614014,38.44660194174757,3.883495145631069,2.0737,12.9562,936.678,942.2506,956.4215,932.5738,0.5834745166098377,1134475630.0
2021-06-04,36.4378,32.785999298095696,4.2109999656677255,39.6116504854369,4.466019417475729,2.0826,12.9562,939.6951,948.1062,954.1812,938.566,0.6214482644001481,1077704010.0
2021-06-07,37.0856,33.36899948120117,4.285900115966797,41.55339805825243,6.7961165048543695,2.1197,12.9562,953.4022,963.1749,964.8853,953.4022,1.589347269324896,1189343680.0
2021-06-08,37.0275,33.316699981689446,4.279900074005127,41.35922330097088,6.407766990291263,2.1163,12.9562,964.6421,959.6159,969.7192,955.3663,-0.3695071372810865,1175515963.0
2021-06-09,37.1469,33.42409896850586,4.296800136566162,41.74757281553398,7.184466019417473,2.1232,12.9562,958.8885,962.5998,965.4909,953.7243,0.3109473279882033,990831524.0
2021-06-10,37.3206,33.580398559570305,4.31689977645874,10.0,10.0,2.1331,12.9562,961.9401,969.7109,970.58,960.9994,0.7387389858173748,1148081122.0
2021-06-11,36.7807,33.094600677490234,4.263899803161621,0.0,0.0,2.1022,12.9562,970.6459,955.6884,970.6459,954.6263,-1.4460495390945936,1350041597.0
2021-06-15,37.8267,34.451698303222656,4.427599906921387,15.0,15.0,2.2282,12.9562,959.2167,962.763,971.8032,956.6846,0.7402622026175093,1525593582.0
2021-06-16,36.8456,33.55810165405273,4.31279993057251,5.0,5.0,2.1704,12.9562,965.1276,937.6515,965.7675,937.4613,-2.6082743105000894,1374683152.0
2021-06-17,38.1034,34.70370101928711,4.463099956512451,20.0,20.0,2.2445,12.9562,938.8852,973.5917,976.1164,938.8852,3.8330019202230137,1458422443.0
2021-06-18,38.4883,35.05419921875,4.508800029754639,25.0,25.0,2.2672,12.9562,978.0251,986.1088,991.1517,975.2368,1.2856621518034743,1672515935.0
2021-06-21,39.0029,35.52289962768555,4.568999767303467,35.0,35.0,2.2975,12.9562,981.8351,999.3221,1000.8849,974.8634,1.339943422064584,1675705768.0
2021-06-22,38.8082,35.34560012817383,4.546199798583984,30.0,30.0,2.286,12.9562,1001.6462,995.1826,1003.176,985.6636,-0.4142308070641086,1463091289.0
2021-06-23,39.8898,36.3306999206543,4.672900199890137,50.0,50.0,2.3497,12.9562,993.218,1022.8113,1030.1348,988.776,2.776244279190571,2015216771.0
2021-06-24,39.9787,36.41170120239258,4.683499813079834,55.00000000000001,60.0,2.355,12.9562,1027.4582,1022.1767,1036.6879,1018.4766,-0.062044680186851435,2038317945.0
2021-06-25,40.0602,36.48590087890625,4.693999767303467,60.0,70.0,2.3598,12.9562,1019.6134,1024.5845,1030.2918,1006.5524,0.2355561421034105,1661658721.0
2021-06-28,40.6774,37.04800033569336,4.7663002014160165,95.0,95.0,2.3961,12.9562,1026.5507,1043.9483,1050.2996,1026.272,1.8899173274629943,1491287496.0
2021-06-29,40.0989,36.52109909057617,4.698500156402588,75.0,75.0,2.362,12.9562,1041.9461,1028.6707,1044.228,1026.6911,-1.463444118832333,1373305939.0
2021-06-30,40.7939,37.15409851074219,4.79040002822876,100.0,100.0,2.403,12.9562,1031.0769,1049.9902,1050.3502,1026.4872,2.07252913881965,1406903145.0
2021-07-01,40.3643,36.76279830932617,4.739099979400635,85.0,85.0,2.3777,12.9562,1051.8553,1034.774,1054.0574,1034.774,-1.449175430399262,1336302259.0
2021-07-02,39.2943,35.788299560546875,4.608500003814697,40.0,40.0,2.3146,12.9562,1028.7414,1007.4273,1029.7779,1005.4021,-2.6427703054000147,1209450111.0
2021-07-05,40.11,36.53120040893555,4.709099769592285,80.0,80.0,2.3627,12.9562,1017.0321,1030.1178,1032.1083,1015.5491,2.252321333757785,1213754851.0
2021-07-06,39.7841,36.23440170288086,4.665800094604492,45.0,45.0,2.3435,12.9562,1035.0292,1020.758,1035.5858,1002.1714,-0.9086145293285828,1324121266.0
2021-07-07,40.055,36.481201171875,4.6975998878479,70.0,65.0,2.3595,12.9562,1009.7428,1029.4546,1033.5823,1001.1154,0.8519747089907684,1196842741.0
2021-07-08,40.5348,36.91809844970703,4.7596001625061035,90.0,90.0,2.3877,12.9562,1032.123,1043.439,1051.6397,1030.2892,1.3584280452970001,1417496095.0
2021-07-09,39.9721,36.40560150146485,4.694399833679199,65.0,55.00000000000001,2.3546,12.9562,1034.8634,1027.6893,1038.302,1011.0319,-1.5094030412894357,1364900114.0
